Time Serie,AUSTRALIA
1/3/2000,1.5172
1/4/2000,1.5239
1/5/2000,1.5267
1/6/2000,1.5291
1/7/2000,1.5272
1/10/2000,1.5242
1/11/2000,1.5209
1/12/2000,1.5202
1/13/2000,1.4954
1/14/2000,1.5004
1/18/2000,1.506
1/19/2000,1.5074
1/20/2000,1.5002
1/21/2000,1.5103
1/24/2000,1.5281
1/25/2000,1.5286
1/26/2000,1.5373
1/27/2000,1.5267
1/28/2000,1.5962
1/31/2000,1.5669
2/1/2000,1.5835
2/2/2000,1.5723
2/3/2000,1.5657
2/4/2000,1.5835
2/7/2000,1.5775
2/8/2000,1.5741
2/9/2000,1.576
2/10/2000,1.5823
2/11/2000,1.5918
2/14/2000,1.5926
2/15/2000,1.5873
2/16/2000,1.587
2/17/2000,1.5823
2/18/2000,1.5893
2/22/2000,1.5982
2/23/2000,1.6139
2/24/2000,1.6276
2/25/2000,1.6194
2/28/2000,1.6351
2/29/2000,1.6247
3/1/2000,1.6483
3/2/2000,1.6455
3/3/2000,1.6442
3/6/2000,1.6622
3/7/2000,1.657
3/8/2000,1.641
3/9/2000,1.6247
3/10/2000,1.6297
3/13/2000,1.6221
3/14/2000,1.6287
3/15/2000,1.6327
3/16/2000,1.6375
3/17/2000,1.6483
3/20/2000,1.6488
3/21/2000,1.6393
3/22/2000,1.6513
3/23/2000,1.6554
3/24/2000,1.6491
3/27/2000,1.6356
3/28/2000,1.6284
3/29/2000,1.6329
3/30/2000,1.6327
3/31/2000,1.6496
4/3/2000,1.6466
4/4/2000,1.6578
4/5/2000,1.6521
4/6/2000,1.6622
4/7/2000,1.6658
4/10/2000,1.6692
4/11/2000,1.6787
4/12/2000,1.675
4/13/2000,1.677
4/14/2000,1.6745
4/17/2000,1.6912
4/18/2000,1.6818
4/19/2000,1.6787
4/20/2000,1.6861
4/21/2000,1.6878
4/24/2000,1.6821
4/25/2000,1.679
4/26/2000,1.6978
4/27/2000,1.7021
4/28/2000,1.7132
5/1/2000,1.7241
5/2/2000,1.7074
5/3/2000,1.6949
5/4/2000,1.6909
5/5/2000,1.6849
5/8/2000,1.7036
5/9/2000,1.7159
5/10/2000,1.7197
5/11/2000,1.7271
5/12/2000,1.7212
5/15/2000,1.7425
5/16/2000,1.7322
5/17/2000,1.759
5/18/2000,1.7535
5/19/2000,1.7458
5/22/2000,1.7422
5/23/2000,1.74
5/24/2000,1.7504
5/25/2000,1.7544
5/26/2000,1.7495
5/30/2000,1.7337
5/31/2000,1.7519
6/1/2000,1.7479
6/2/2000,1.7271
6/5/2000,1.7206
6/6/2000,1.6987
6/7/2000,1.6949
6/8/2000,1.7013
6/9/2000,1.7053
6/12/2000,1.6915
6/13/2000,1.6742
6/14/2000,1.6647
6/15/2000,1.6625
6/16/2000,1.6439
6/19/2000,1.66
6/20/2000,1.6565
6/21/2000,1.6595
6/22/2000,1.6686
6/23/2000,1.6767
6/26/2000,1.6764
6/27/2000,1.6633
6/28/2000,1.6603
6/29/2000,1.6586
6/30/2000,1.6748
7/3/2000,1.6678
7/5/2000,1.6929
7/6/2000,1.6923
7/7/2000,1.6946
7/10/2000,1.6915
7/11/2000,1.6975
7/12/2000,1.6978
7/13/2000,1.7079
7/14/2000,1.7103
7/17/2000,1.7079
7/18/2000,1.7112
7/19/2000,1.7391
7/20/2000,1.7194
7/21/2000,1.705
7/24/2000,1.7065
7/25/2000,1.7097
7/26/2000,1.6938
7/27/2000,1.6975
7/28/2000,1.703
7/31/2000,1.728
8/1/2000,1.7227
8/2/2000,1.7153
8/3/2000,1.7112
8/4/2000,1.7147
8/7/2000,1.7059
8/8/2000,1.7042
8/9/2000,1.7283
8/10/2000,1.7188
8/11/2000,1.7256
8/14/2000,1.7212
8/15/2000,1.715
8/16/2000,1.6958
8/17/2000,1.6849
8/18/2000,1.6935
8/21/2000,1.6978
8/22/2000,1.7235
8/23/2000,1.7519
8/24/2000,1.7467
8/25/2000,1.7431
8/28/2000,1.7498
8/29/2000,1.7504
8/30/2000,1.7483
8/31/2000,1.7349
9/1/2000,1.7346
9/5/2000,1.7547
9/6/2000,1.7683
9/7/2000,1.7924
9/8/2000,1.7995
9/11/2000,1.7889
9/12/2000,1.7902
9/13/2000,1.8018
9/14/2000,1.8215
9/15/2000,1.8349
9/18/2000,1.846
9/19/2000,1.845
9/20/2000,1.8615
9/21/2000,1.8423
9/22/2000,1.8332
9/25/2000,1.8215
9/26/2000,1.8162
9/27/2000,1.8149
9/28/2000,1.8215
9/29/2000,1.8467
10/2/2000,1.8349
10/3/2000,1.8519
10/4/2000,1.8639
10/5/2000,1.8692
10/6/2000,1.873
10/10/2000,1.873
10/11/2000,1.8657
10/12/2000,1.8797
10/13/2000,1.8879
10/16/2000,1.912
10/17/2000,1.9275
10/18/2000,1.9279
10/19/2000,1.9194
10/20/2000,1.8939
10/23/2000,1.8961
10/24/2000,1.9026
10/25/2000,1.9264
10/26/2000,1.9286
10/27/2000,1.9109
10/30/2000,1.9102
10/31/2000,1.9301
11/1/2000,1.9131
11/2/2000,1.9201
11/3/2000,1.9051
11/6/2000,1.8939
11/7/2000,1.8939
11/8/2000,1.8997
11/9/2000,1.904
11/10/2000,1.9157
11/13/2000,1.9212
11/14/2000,1.9268
11/15/2000,1.922
11/16/2000,1.9294
11/17/2000,1.9268
11/20/2000,1.9478
11/21/2000,1.9562
11/22/2000,1.9253
11/24/2000,1.9175
11/27/2000,1.9008
11/28/2000,1.9146
11/29/2000,1.9128
11/30/2000,1.9004
12/1/2000,1.8615
12/4/2000,1.8413
12/5/2000,1.8501
12/6/2000,1.8355
12/7/2000,1.8282
12/8/2000,1.8365
12/11/2000,1.8519
12/12/2000,1.845
12/13/2000,1.8587
12/14/2000,1.8529
12/15/2000,1.8322
12/18/2000,1.8464
12/19/2000,1.8399
12/20/2000,1.8212
12/21/2000,1.8073
12/22/2000,1.8018
12/26/2000,1.7895
12/27/2000,1.7889
12/28/2000,1.8109
12/29/2000,1.7986
1/2/2001,1.7883
1/3/2001,1.7746
1/4/2001,1.7683
1/5/2001,1.7507
1/8/2001,1.7668
1/9/2001,1.7768
1/10/2001,1.7947
1/11/2001,1.7873
1/12/2001,1.7995
1/16/2001,1.8021
1/17/2001,1.8136
1/18/2001,1.7979
1/19/2001,1.7953
1/22/2001,1.8038
1/23/2001,1.809
1/24/2001,1.8352
1/25/2001,1.8345
1/26/2001,1.8409
1/29/2001,1.8409
1/30/2001,1.8268
1/31/2001,1.8248
2/1/2001,1.8051
2/2/2001,1.8113
2/5/2001,1.8155
2/6/2001,1.8215
2/7/2001,1.8308
2/8/2001,1.8653
2/9/2001,1.8632
2/12/2001,1.8584
2/13/2001,1.8737
2/14/2001,1.8932
2/15/2001,1.9084
2/16/2001,1.885
2/20/2001,1.9142
2/21/2001,1.9106
2/22/2001,1.9062
2/23/2001,1.9164
2/26/2001,1.9183
2/27/2001,1.9099
2/28/2001,1.9055
3/1/2001,1.9004
3/2/2001,1.8896
3/5/2001,1.9164
3/6/2001,1.9342
3/7/2001,1.9646
3/8/2001,1.965
3/9/2001,1.9666
3/12/2001,1.9623
3/13/2001,1.9877
3/14/2001,2.0076
3/15/2001,2.0227
3/16/2001,2.0243
3/19/2001,2.0064
3/20/2001,2.0012
3/21/2001,2.0259
3/22/2001,2.0354
3/23/2001,2.0149
3/26/2001,2.004
3/27/2001,2.0149
3/28/2001,2.0259
3/29/2001,2.0321
3/30/2001,2.0488
4/2/2001,2.0713
4/3/2001,2.0576
4/4/2001,2.0437
4/5/2001,2.0416
4/6/2001,2.0169
4/9/2001,2.021
4/10/2001,2.0222
4/11/2001,1.99
4/12/2001,1.9677
4/13/2001,1.9681
4/16/2001,1.9589
4/17/2001,1.9782
4/18/2001,2.004
4/19/2001,1.9666
4/20/2001,1.9312
4/23/2001,1.9759
4/24/2001,1.9861
4/25/2001,1.9822
4/26/2001,1.9743
4/27/2001,1.96
4/30/2001,1.9623
5/1/2001,1.9316
5/2/2001,1.9183
5/3/2001,1.9279
5/4/2001,1.9272
5/7/2001,1.9283
5/8/2001,1.9298
5/9/2001,1.915
5/10/2001,1.908
5/11/2001,1.9205
5/14/2001,1.9305
5/15/2001,1.9257
5/16/2001,1.9109
5/17/2001,1.8965
5/18/2001,1.9044
5/21/2001,1.8904
5/22/2001,1.9117
5/23/2001,1.9275
5/24/2001,1.9324
5/25/2001,1.9257
5/29/2001,1.9357
5/30/2001,1.9493
5/31/2001,1.9732
6/1/2001,1.967
6/4/2001,1.9755
6/5/2001,1.9635
6/6/2001,1.9451
6/7/2001,1.9264
6/8/2001,1.9073
6/11/2001,1.9146
6/12/2001,1.9095
6/13/2001,1.8954
6/14/2001,1.9008
6/15/2001,1.9022
6/18/2001,1.9091
6/19/2001,1.9194
6/20/2001,1.9298
6/21/2001,1.9312
6/22/2001,1.935
6/25/2001,1.9391
6/26/2001,1.9238
6/27/2001,1.9312
6/28/2001,1.9569
6/29/2001,1.9608
7/2/2001,1.9585
7/3/2001,1.9372
7/5/2001,1.9429
7/6/2001,1.9673
7/9/2001,1.9623
7/10/2001,1.9585
7/11/2001,1.9724
7/12/2001,1.981
7/13/2001,1.9708
7/16/2001,1.9685
7/17/2001,1.9743
7/18/2001,1.9448
7/19/2001,1.9508
7/20/2001,1.9782
7/23/2001,1.9689
7/24/2001,1.9685
7/25/2001,1.9712
7/26/2001,1.9716
7/27/2001,1.9747
7/30/2001,1.9775
7/31/2001,1.9685
8/1/2001,1.9354
8/2/2001,1.9268
8/3/2001,1.932
8/6/2001,1.9357
8/7/2001,1.9399
8/8/2001,1.9286
8/9/2001,1.9596
8/10/2001,1.9493
8/13/2001,1.9327
8/14/2001,1.9246
8/15/2001,1.8983
8/16/2001,1.8961
8/17/2001,1.8678
8/20/2001,1.8786
8/21/2001,1.8879
8/22/2001,1.865
8/23/2001,1.8734
8/24/2001,1.8829
8/27/2001,1.8921
8/28/2001,1.8896
8/29/2001,1.8868
8/30/2001,1.8762
8/31/2001,1.895
9/4/2001,1.9186
9/5/2001,1.9238
9/6/2001,1.912
9/7/2001,1.9234
9/10/2001,1.9474
9/12/2001,1.9376
9/13/2001,1.9387
9/14/2001,1.9395
9/17/2001,1.9916
9/18/2001,2.0186
9/19/2001,2.0288
9/20/2001,2.0325
9/21/2001,2.0657
9/24/2001,2.0408
9/25/2001,2.0247
9/26/2001,2.0446
9/27/2001,2.0551
9/28/2001,2.0218
10/1/2001,2.0313
10/2/2001,2.019
10/3/2001,2.0117
10/4/2001,2.0101
10/5/2001,1.9763
10/9/2001,1.9964
10/10/2001,1.9936
10/11/2001,2.006
10/12/2001,1.994
10/15/2001,1.9474
10/16/2001,1.947
10/17/2001,1.9459
10/18/2001,1.9658
10/19/2001,1.9685
10/22/2001,1.9712
10/23/2001,1.9658
10/24/2001,1.9701
10/25/2001,1.9814
10/26/2001,1.9932
10/29/2001,1.9778
10/30/2001,1.9771
10/31/2001,1.9881
11/1/2001,1.9662
11/2/2001,1.9697
11/5/2001,1.9701
11/6/2001,1.9489
11/7/2001,1.941
11/8/2001,1.9429
11/9/2001,1.9436
11/13/2001,1.9234
11/14/2001,1.9283
11/15/2001,1.9305
11/16/2001,1.922
11/19/2001,1.9212
11/20/2001,1.9275
11/21/2001,1.9372
11/23/2001,1.9342
11/26/2001,1.9268
11/27/2001,1.9168
11/28/2001,1.9183
11/29/2001,1.932
11/30/2001,1.922
12/3/2001,1.9294
12/4/2001,1.9399
12/5/2001,1.9342
12/6/2001,1.9298
12/7/2001,1.9395
12/10/2001,1.9417
12/11/2001,1.9425
12/12/2001,1.9227
12/13/2001,1.9309
12/14/2001,1.9283
12/17/2001,1.932
12/18/2001,1.9391
12/19/2001,1.9486
12/20/2001,1.9814
12/21/2001,1.9704
12/24/2001,1.9662
12/26/2001,1.9685
12/27/2001,1.9704
12/28/2001,1.9562
12/31/2001,1.9543
1/2/2002,1.9436
1/3/2002,1.9433
1/4/2002,1.9253
1/7/2002,1.9294
1/8/2002,1.9091
1/9/2002,1.9095
1/10/2002,1.9124
1/11/2002,1.9194
1/14/2002,1.9305
1/15/2002,1.9272
1/16/2002,1.9399
1/17/2002,1.9474
1/18/2002,1.9417
1/22/2002,1.9283
1/23/2002,1.9238
1/24/2002,1.9249
1/25/2002,1.9354
1/28/2002,1.9357
1/29/2002,1.9455
1/30/2002,1.9763
1/31/2002,1.9716
2/1/2002,1.9685
2/4/2002,1.9589
2/5/2002,1.9658
2/6/2002,1.9631
2/7/2002,1.9724
2/8/2002,1.9592
2/11/2002,1.9512
2/12/2002,1.9658
2/13/2002,1.9658
2/14/2002,1.9354
2/15/2002,1.9354
2/19/2002,1.9316
2/20/2002,1.9339
2/21/2002,1.9346
2/22/2002,1.9482
2/25/2002,1.9486
2/26/2002,1.9433
2/27/2002,1.9387
2/28/2002,1.9354
3/1/2002,1.9316
3/4/2002,1.9223
3/5/2002,1.9205
3/6/2002,1.9172
3/7/2002,1.9037
3/8/2002,1.9102
3/11/2002,1.9186
3/12/2002,1.9209
3/13/2002,1.9231
3/14/2002,1.9124
3/15/2002,1.9022
3/18/2002,1.9066
3/19/2002,1.9102
3/20/2002,1.8839
3/21/2002,1.879
3/22/2002,1.8776
3/25/2002,1.885
3/26/2002,1.8914
3/27/2002,1.8957
3/28/2002,1.8741
3/29/2002,1.8751
4/1/2002,1.8702
4/2/2002,1.8702
4/3/2002,1.8818
4/4/2002,1.885
4/5/2002,1.8847
4/8/2002,1.8975
4/9/2002,1.8961
4/10/2002,1.8857
4/11/2002,1.872
4/12/2002,1.8737
4/15/2002,1.8822
4/16/2002,1.8797
4/17/2002,1.8622
4/18/2002,1.8563
4/19/2002,1.8553
4/22/2002,1.8553
4/23/2002,1.8546
4/24/2002,1.8437
4/25/2002,1.8376
4/26/2002,1.8426
4/29/2002,1.8587
4/30/2002,1.8615
5/1/2002,1.8563
5/2/2002,1.8639
5/3/2002,1.8584
5/6/2002,1.8543
5/7/2002,1.8481
5/8/2002,1.8553
5/9/2002,1.8437
5/10/2002,1.8365
5/13/2002,1.8315
5/14/2002,1.8308
5/15/2002,1.8248
5/16/2002,1.8208
5/17/2002,1.8109
5/20/2002,1.8103
5/21/2002,1.8008
5/22/2002,1.7908
5/23/2002,1.7905
5/24/2002,1.7992
5/28/2002,1.7809
5/29/2002,1.7778
5/30/2002,1.7715
5/31/2002,1.7668
6/3/2002,1.7501
6/4/2002,1.7409
6/5/2002,1.7476
6/6/2002,1.7397
6/7/2002,1.751
6/10/2002,1.7565
6/11/2002,1.7596
6/12/2002,1.7498
6/13/2002,1.7581
6/14/2002,1.7848
6/17/2002,1.7912
6/18/2002,1.78
6/19/2002,1.7683
6/20/2002,1.7516
6/21/2002,1.7413
6/24/2002,1.7431
6/25/2002,1.7596
6/26/2002,1.7813
6/27/2002,1.773
6/28/2002,1.7768
7/1/2002,1.7809
7/2/2002,1.7784
7/3/2002,1.7848
7/5/2002,1.796
7/8/2002,1.7718
7/9/2002,1.7581
7/10/2002,1.763
7/11/2002,1.7879
7/12/2002,1.7873
7/15/2002,1.786
7/16/2002,1.7912
7/17/2002,1.8129
7/18/2002,1.8116
7/19/2002,1.8002
7/22/2002,1.8126
7/23/2002,1.8335
7/24/2002,1.8501
7/25/2002,1.8464
7/26/2002,1.8622
7/29/2002,1.8484
7/30/2002,1.8365
7/31/2002,1.8365
8/1/2002,1.8563
8/2/2002,1.8532
8/5/2002,1.8896
8/6/2002,1.8939
8/7/2002,1.8646
8/8/2002,1.8758
8/9/2002,1.8678
8/12/2002,1.8546
8/13/2002,1.8584
8/14/2002,1.8605
8/15/2002,1.8372
8/16/2002,1.8382
8/19/2002,1.8443
8/20/2002,1.8302
8/21/2002,1.8369
8/22/2002,1.8525
8/23/2002,1.8406
8/26/2002,1.8376
8/27/2002,1.807
8/28/2002,1.8149
8/29/2002,1.8126
8/30/2002,1.8198
9/3/2002,1.8298
9/4/2002,1.8372
9/5/2002,1.8454
9/6/2002,1.8292
9/9/2002,1.8292
9/10/2002,1.8288
9/11/2002,1.8262
9/12/2002,1.8123
9/13/2002,1.8169
9/16/2002,1.8225
9/17/2002,1.8268
9/18/2002,1.8232
9/19/2002,1.8149
9/20/2002,1.8302
9/23/2002,1.8359
9/24/2002,1.8365
9/25/2002,1.8365
9/26/2002,1.8372
9/27/2002,1.8382
9/30/2002,1.842
10/1/2002,1.8443
10/2/2002,1.8376
10/3/2002,1.8298
10/4/2002,1.8312
10/7/2002,1.8192
10/8/2002,1.8282
10/9/2002,1.8232
10/10/2002,1.8272
10/11/2002,1.8232
10/15/2002,1.8292
10/16/2002,1.8225
10/17/2002,1.8182
10/18/2002,1.8188
10/21/2002,1.8083
10/22/2002,1.8093
10/23/2002,1.8096
10/24/2002,1.8018
10/25/2002,1.8034
10/28/2002,1.7905
10/29/2002,1.7982
10/30/2002,1.809
10/31/2002,1.8025
11/1/2002,1.7873
11/4/2002,1.7825
11/5/2002,1.7809
11/6/2002,1.7809
11/7/2002,1.7668
11/8/2002,1.7674
11/12/2002,1.7825
11/13/2002,1.7864
11/14/2002,1.7775
11/15/2002,1.7768
11/18/2002,1.7746
11/19/2002,1.7912
11/20/2002,1.7873
11/21/2002,1.7787
11/22/2002,1.7737
11/25/2002,1.7889
11/26/2002,1.7867
11/27/2002,1.7976
11/29/2002,1.7854
12/2/2002,1.7886
12/3/2002,1.7892
12/4/2002,1.7844
12/5/2002,1.7813
12/6/2002,1.7848
12/9/2002,1.7762
12/10/2002,1.7873
12/11/2002,1.7835
12/12/2002,1.7696
12/13/2002,1.7712
12/16/2002,1.7668
12/17/2002,1.7668
12/18/2002,1.7699
12/19/2002,1.7699
12/20/2002,1.78
12/23/2002,1.7816
12/24/2002,1.7762
12/26/2002,1.7771
12/27/2002,1.7832
12/30/2002,1.7743
12/31/2002,1.7778
1/2/2003,1.7765
1/3/2003,1.7683
1/6/2003,1.7355
1/7/2003,1.7382
1/8/2003,1.7394
1/9/2003,1.7346
1/10/2003,1.7182
1/13/2003,1.7144
1/14/2003,1.7147
1/15/2003,1.71
1/16/2003,1.7036
1/17/2003,1.6923
1/21/2003,1.7044
1/22/2003,1.7059
1/23/2003,1.6926
1/24/2003,1.6886
1/27/2003,1.6961
1/28/2003,1.6987
1/29/2003,1.6926
1/30/2003,1.703
1/31/2003,1.7065
2/3/2003,1.7114
2/4/2003,1.6932
2/5/2003,1.6943
2/6/2003,1.692
2/7/2003,1.6941
2/10/2003,1.6966
2/11/2003,1.6969
2/12/2003,1.6949
2/13/2003,1.6779
2/14/2003,1.6889
2/18/2003,1.6915
2/19/2003,1.6827
2/20/2003,1.6708
2/21/2003,1.6745
2/24/2003,1.651
2/25/2003,1.6521
2/26/2003,1.6461
2/27/2003,1.6518
2/28/2003,1.6461
3/3/2003,1.6297
3/4/2003,1.6295
3/5/2003,1.6231
3/6/2003,1.6281
3/7/2003,1.6295
3/10/2003,1.6242
3/11/2003,1.6556
3/12/2003,1.6781
3/13/2003,1.6832
3/14/2003,1.6762
3/17/2003,1.6886
3/18/2003,1.6872
3/19/2003,1.6912
3/20/2003,1.6849
3/21/2003,1.6935
3/24/2003,1.6815
3/25/2003,1.6756
3/26/2003,1.6745
3/27/2003,1.6667
3/28/2003,1.6658
3/31/2003,1.6543
4/1/2003,1.6543
4/2/2003,1.6675
4/3/2003,1.6678
4/4/2003,1.6639
4/7/2003,1.675
4/8/2003,1.6656
4/9/2003,1.6578
4/10/2003,1.6499
4/11/2003,1.6537
4/14/2003,1.6581
4/15/2003,1.6513
4/16/2003,1.6353
4/17/2003,1.6268
4/18/2003,1.6276
4/21/2003,1.6287
4/22/2003,1.6098
4/23/2003,1.62
4/24/2003,1.6116
4/25/2003,1.6255
4/28/2003,1.615
4/29/2003,1.6129
4/30/2003,1.5969
5/1/2003,1.5828
5/2/2003,1.5878
5/5/2003,1.5765
5/6/2003,1.5667
5/7/2003,1.5718
5/8/2003,1.5567
5/9/2003,1.5509
5/12/2003,1.5427
5/13/2003,1.5485
5/14/2003,1.5446
5/15/2003,1.5564
5/16/2003,1.538
5/19/2003,1.5244
5/20/2003,1.5216
5/21/2003,1.5237
5/22/2003,1.5186
5/23/2003,1.5209
5/27/2003,1.5186
5/28/2003,1.5434
5/29/2003,1.5439
5/30/2003,1.5354
6/2/2003,1.5235
6/3/2003,1.5154
6/4/2003,1.5022
6/5/2003,1.4984
6/6/2003,1.5172
6/9/2003,1.5191
6/10/2003,1.5232
6/11/2003,1.5056
6/12/2003,1.5033
6/13/2003,1.499
6/16/2003,1.4979
6/17/2003,1.4888
6/18/2003,1.4861
6/19/2003,1.4934
6/20/2003,1.4981
6/23/2003,1.5053
6/24/2003,1.5101
6/25/2003,1.4874
6/26/2003,1.5035
6/27/2003,1.5026
6/30/2003,1.4896
7/1/2003,1.4793
7/2/2003,1.4686
7/3/2003,1.4656
7/7/2003,1.4693
7/8/2003,1.5221
7/9/2003,1.5279
7/10/2003,1.5181
7/11/2003,1.5135
7/14/2003,1.5152
7/15/2003,1.5342
7/16/2003,1.5232
7/17/2003,1.5344
7/18/2003,1.5494
7/21/2003,1.5342
7/22/2003,1.5373
7/23/2003,1.5158
7/24/2003,1.5042
7/25/2003,1.5056
7/28/2003,1.5063
7/29/2003,1.5031
7/30/2003,1.5326
7/31/2003,1.5446
8/1/2003,1.5295
8/4/2003,1.5451
8/5/2003,1.5466
8/6/2003,1.5468
8/7/2003,1.5361
8/8/2003,1.5302
8/11/2003,1.5184
8/12/2003,1.5225
8/13/2003,1.5216
8/14/2003,1.5239
8/15/2003,1.5191
8/18/2003,1.5239
8/19/2003,1.5237
8/20/2003,1.5168
8/21/2003,1.5302
8/22/2003,1.537
8/25/2003,1.5354
8/26/2003,1.5492
8/27/2003,1.561
8/28/2003,1.5649
8/29/2003,1.5408
9/2/2003,1.562
9/3/2003,1.5613
9/4/2003,1.5637
9/5/2003,1.5461
9/8/2003,1.538
9/9/2003,1.5198
9/10/2003,1.5209
9/11/2003,1.5163
9/12/2003,1.5065
9/15/2003,1.5004
9/16/2003,1.511
9/17/2003,1.5056
9/18/2003,1.5017
9/19/2003,1.4865
9/22/2003,1.4684
9/23/2003,1.473
9/24/2003,1.4741
9/25/2003,1.4715
9/26/2003,1.4826
9/29/2003,1.4826
9/30/2003,1.4712
10/1/2003,1.4641
10/2/2003,1.4607
10/3/2003,1.4676
10/6/2003,1.4603
10/7/2003,1.4476
10/8/2003,1.4486
10/9/2003,1.4535
10/10/2003,1.4459
10/14/2003,1.4516
10/15/2003,1.4497
10/16/2003,1.4468
10/17/2003,1.4455
10/20/2003,1.442
10/21/2003,1.4294
10/22/2003,1.415
10/23/2003,1.4288
10/24/2003,1.4267
10/27/2003,1.4209
10/28/2003,1.4182
10/29/2003,1.419
10/30/2003,1.4134
10/31/2003,1.413
11/3/2003,1.4314
11/4/2003,1.4251
11/5/2003,1.4085
11/6/2003,1.4134
11/7/2003,1.41
11/10/2003,1.3953
11/12/2003,1.3928
11/13/2003,1.3897
11/14/2003,1.393
11/17/2003,1.4075
11/18/2003,1.3866
11/19/2003,1.3833
11/20/2003,1.3816
11/21/2003,1.3837
11/24/2003,1.3935
11/25/2003,1.3916
11/26/2003,1.3818
11/28/2003,1.382
12/1/2003,1.3765
12/2/2003,1.3665
12/3/2003,1.3591
12/4/2003,1.3631
12/5/2003,1.3591
12/8/2003,1.351
12/9/2003,1.3517
12/10/2003,1.3517
12/11/2003,1.3596
12/12/2003,1.3468
12/15/2003,1.3461
12/16/2003,1.3448
12/17/2003,1.3499
12/18/2003,1.3561
12/19/2003,1.3578
12/22/2003,1.3624
12/23/2003,1.3585
12/24/2003,1.3459
12/26/2003,1.3486
12/29/2003,1.3473
12/30/2003,1.3365
12/31/2003,1.3298
1/2/2004,1.32
1/5/2004,1.3017
1/6/2004,1.2984
1/7/2004,1.3012
1/8/2004,1.2895
1/9/2004,1.2858
1/12/2004,1.284
1/13/2004,1.2867
1/14/2004,1.2855
1/15/2004,1.2984
1/16/2004,1.305
1/20/2004,1.3002
1/21/2004,1.2932
1/22/2004,1.2835
1/23/2004,1.2963
1/26/2004,1.2937
1/27/2004,1.2812
1/28/2004,1.284
1/29/2004,1.3184
1/30/2004,1.3115
2/2/2004,1.3217
2/3/2004,1.307
2/4/2004,1.3116
2/5/2004,1.3063
2/6/2004,1.3023
2/9/2004,1.2887
2/10/2004,1.2798
2/11/2004,1.2723
2/12/2004,1.2679
2/13/2004,1.2698
2/17/2004,1.2533
2/18/2004,1.261
2/19/2004,1.2639
2/20/2004,1.292
2/23/2004,1.2915
2/24/2004,1.2807
2/25/2004,1.295
2/26/2004,1.2982
2/27/2004,1.2958
3/1/2004,1.2945
3/2/2004,1.3141
3/3/2004,1.347
3/4/2004,1.3282
3/5/2004,1.318
3/8/2004,1.324
3/9/2004,1.3098
3/10/2004,1.3358
3/11/2004,1.3585
3/12/2004,1.3652
3/15/2004,1.3607
3/16/2004,1.3493
3/17/2004,1.3528
3/18/2004,1.3294
3/19/2004,1.3378
3/22/2004,1.3249
3/23/2004,1.3287
3/24/2004,1.3355
3/25/2004,1.3501
3/26/2004,1.3463
3/29/2004,1.3362
3/30/2004,1.3278
3/31/2004,1.3123
4/1/2004,1.3036
4/2/2004,1.3186
4/5/2004,1.3278
4/6/2004,1.3132
4/7/2004,1.3031
4/8/2004,1.3141
4/9/2004,1.3118
4/12/2004,1.3026
4/13/2004,1.325
4/14/2004,1.3626
4/15/2004,1.3552
4/16/2004,1.3412
4/19/2004,1.3417
4/20/2004,1.3567
4/21/2004,1.3665
4/22/2004,1.3693
4/23/2004,1.3723
4/26/2004,1.3633
4/27/2004,1.3633
4/28/2004,1.3827
4/29/2004,1.3893
4/30/2004,1.387
5/3/2004,1.3893
5/4/2004,1.3729
5/5/2004,1.363
5/6/2004,1.3816
5/7/2004,1.4223
5/10/2004,1.4472
5/11/2004,1.4382
5/12/2004,1.4364
5/13/2004,1.4531
5/14/2004,1.4503
5/17/2004,1.452
5/18/2004,1.4565
5/19/2004,1.4331
5/20/2004,1.443
5/21/2004,1.4269
5/24/2004,1.4323
5/25/2004,1.4164
5/26/2004,1.4166
5/27/2004,1.393
5/28/2004,1.401
6/1/2004,1.415
6/2/2004,1.4347
6/3/2004,1.4601
6/4/2004,1.4447
6/7/2004,1.4198
6/8/2004,1.4265
6/9/2004,1.4451
6/10/2004,1.432
6/11/2004,1.4468
6/14/2004,1.4529
6/15/2004,1.4368
6/16/2004,1.4556
6/17/2004,1.462
6/18/2004,1.4482
6/21/2004,1.4482
6/22/2004,1.4588
6/23/2004,1.4567
6/24/2004,1.4294
6/25/2004,1.4306
6/28/2004,1.429
6/29/2004,1.4476
6/30/2004,1.4384
7/1/2004,1.4213
7/2/2004,1.4035
7/6/2004,1.399
7/7/2004,1.3827
7/8/2004,1.3848
7/9/2004,1.3839
7/12/2004,1.3736
7/13/2004,1.3858
7/14/2004,1.3841
7/15/2004,1.3822
7/16/2004,1.368
7/19/2004,1.3635
7/20/2004,1.3674
7/21/2004,1.4023
7/22/2004,1.3982
7/23/2004,1.4081
7/26/2004,1.4104
7/27/2004,1.4273
7/28/2004,1.4327
7/29/2004,1.4298
7/30/2004,1.4215
8/2/2004,1.4201
8/3/2004,1.4192
8/4/2004,1.4211
8/5/2004,1.4209
8/6/2004,1.399
8/9/2004,1.3943
8/10/2004,1.3976
8/11/2004,1.4021
8/12/2004,1.4031
8/13/2004,1.3966
8/16/2004,1.3949
8/17/2004,1.399
8/18/2004,1.3996
8/19/2004,1.3803
8/20/2004,1.3816
8/23/2004,1.392
8/24/2004,1.4156
8/25/2004,1.4162
8/26/2004,1.4265
8/27/2004,1.4205
8/30/2004,1.4284
8/31/2004,1.4142
9/1/2004,1.4207
9/2/2004,1.4384
9/3/2004,1.4493
9/7/2004,1.4424
9/8/2004,1.4347
9/9/2004,1.4535
9/10/2004,1.4351
9/13/2004,1.437
9/14/2004,1.4225
9/15/2004,1.4399
9/16/2004,1.431
9/17/2004,1.4345
9/20/2004,1.4273
9/21/2004,1.4263
9/22/2004,1.4134
9/23/2004,1.4008
9/24/2004,1.4008
9/27/2004,1.4019
9/28/2004,1.3966
9/29/2004,1.399
9/30/2004,1.3805
10/1/2004,1.3827
10/4/2004,1.3875
10/5/2004,1.3827
10/6/2004,1.382
10/7/2004,1.3761
10/8/2004,1.3602
10/12/2004,1.3689
10/13/2004,1.3822
10/14/2004,1.3671
10/15/2004,1.3667
10/18/2004,1.3761
10/19/2004,1.3727
10/20/2004,1.3574
10/21/2004,1.3532
10/22/2004,1.3521
10/25/2004,1.3376
10/26/2004,1.3405
10/27/2004,1.3405
10/28/2004,1.3373
10/29/2004,1.339
11/1/2004,1.3405
11/2/2004,1.3428
11/3/2004,1.3264
11/4/2004,1.3184
11/5/2004,1.3123
11/8/2004,1.3196
11/9/2004,1.3127
11/10/2004,1.3172
11/12/2004,1.3012
11/15/2004,1.2955
11/16/2004,1.294
11/17/2004,1.2767
11/18/2004,1.2844
11/19/2004,1.2736
11/22/2004,1.2757
11/23/2004,1.2723
11/24/2004,1.2718
11/26/2004,1.2653
11/29/2004,1.2736
11/30/2004,1.2948
12/1/2004,1.2897
12/2/2004,1.2872
12/3/2004,1.2857
12/6/2004,1.2907
12/7/2004,1.2897
12/8/2004,1.3254
12/9/2004,1.3277
12/10/2004,1.3342
12/13/2004,1.3172
12/14/2004,1.3217
12/15/2004,1.3068
12/16/2004,1.3222
12/17/2004,1.3146
12/20/2004,1.3082
12/21/2004,1.3055
12/22/2004,1.3062
12/23/2004,1.3065
12/24/2004,1.3006
12/27/2004,1.2858
12/28/2004,1.2842
12/29/2004,1.2972
12/30/2004,1.2845
12/31/2004,1.2812
1/3/2005,1.2837
1/4/2005,1.3041
1/5/2005,1.3024
1/6/2005,1.3137
1/7/2005,1.3193
1/10/2005,1.3165
1/11/2005,1.3086
1/12/2005,1.3021
1/13/2005,1.3038
1/14/2005,1.3182
1/18/2005,1.3196
1/19/2005,1.3148
1/20/2005,1.3137
1/21/2005,1.2967
1/24/2005,1.3004
1/25/2005,1.3072
1/26/2005,1.2902
1/27/2005,1.2893
1/28/2005,1.2902
1/31/2005,1.2888
2/1/2005,1.2948
2/2/2005,1.2925
2/3/2005,1.2982
2/4/2005,1.2945
2/7/2005,1.2965
2/8/2005,1.304
2/9/2005,1.3014
2/10/2005,1.2778
2/11/2005,1.2734
2/14/2005,1.2671
2/15/2005,1.2718
2/16/2005,1.2789
2/17/2005,1.2686
2/18/2005,1.2694
2/22/2005,1.2594
2/23/2005,1.2723
2/24/2005,1.2705
2/25/2005,1.2734
2/28/2005,1.2594
3/1/2005,1.2744
3/2/2005,1.2765
3/3/2005,1.2752
3/4/2005,1.2628
3/7/2005,1.2618
3/8/2005,1.2541
3/9/2005,1.261
3/10/2005,1.2657
3/11/2005,1.2601
3/14/2005,1.2713
3/15/2005,1.2668
3/16/2005,1.2585
3/17/2005,1.2602
3/18/2005,1.2599
3/21/2005,1.2713
3/22/2005,1.2629
3/23/2005,1.2908
3/24/2005,1.2968
3/25/2005,1.2955
3/28/2005,1.3012
3/29/2005,1.2962
3/30/2005,1.2958
3/31/2005,1.2938
4/1/2005,1.2992
4/4/2005,1.3038
4/5/2005,1.3031
4/6/2005,1.3058
4/7/2005,1.3014
4/8/2005,1.2943
4/11/2005,1.2895
4/12/2005,1.293
4/13/2005,1.2825
4/14/2005,1.2962
4/15/2005,1.2982
4/18/2005,1.3048
4/19/2005,1.298
4/20/2005,1.2895
4/21/2005,1.2873
4/22/2005,1.2789
4/25/2005,1.2822
4/26/2005,1.2834
4/27/2005,1.288
4/28/2005,1.2829
4/29/2005,1.2765
5/2/2005,1.2827
5/3/2005,1.2925
5/4/2005,1.2858
5/5/2005,1.2804
5/6/2005,1.2882
5/9/2005,1.2935
5/10/2005,1.2892
5/11/2005,1.2912
5/12/2005,1.3023
5/13/2005,1.3139
5/16/2005,1.3219
5/17/2005,1.3201
5/18/2005,1.3161
5/19/2005,1.3184
5/20/2005,1.3245
5/23/2005,1.3187
5/24/2005,1.3118
5/25/2005,1.3113
5/26/2005,1.3151
5/27/2005,1.3118
5/31/2005,1.3173
6/1/2005,1.3337
6/2/2005,1.327
6/3/2005,1.3249
6/6/2005,1.3074
6/7/2005,1.2995
6/8/2005,1.3007
6/9/2005,1.3029
6/10/2005,1.3115
6/13/2005,1.3172
6/14/2005,1.3063
6/15/2005,1.3021
6/16/2005,1.2952
6/17/2005,1.286
6/20/2005,1.2875
6/21/2005,1.2849
6/22/2005,1.2834
6/23/2005,1.293
6/24/2005,1.3014
6/27/2005,1.3011
6/28/2005,1.3082
6/29/2005,1.3115
6/30/2005,1.3127
7/1/2005,1.3305
7/5/2005,1.3481
7/6/2005,1.3493
7/7/2005,1.3508
7/8/2005,1.3495
7/11/2005,1.3373
7/12/2005,1.3229
7/13/2005,1.3373
7/14/2005,1.3301
7/15/2005,1.3355
7/18/2005,1.3261
7/19/2005,1.3348
7/20/2005,1.3263
7/21/2005,1.3106
7/22/2005,1.3053
7/25/2005,1.3101
7/26/2005,1.3184
7/27/2005,1.3235
7/28/2005,1.3208
7/29/2005,1.3168
8/1/2005,1.3127
8/2/2005,1.3074
8/3/2005,1.2957
8/4/2005,1.2922
8/5/2005,1.3036
8/8/2005,1.3068
8/9/2005,1.3156
8/10/2005,1.3089
8/11/2005,1.2925
8/12/2005,1.2948
8/15/2005,1.3016
8/16/2005,1.3007
8/17/2005,1.3118
8/18/2005,1.3268
8/19/2005,1.3324
8/22/2005,1.3249
8/23/2005,1.3243
8/24/2005,1.3242
8/25/2005,1.3158
8/26/2005,1.3186
8/29/2005,1.3294
8/30/2005,1.3389
8/31/2005,1.3308
9/1/2005,1.3142
9/2/2005,1.3074
9/6/2005,1.3041
9/7/2005,1.3014
9/8/2005,1.2967
9/9/2005,1.2935
9/12/2005,1.2955
9/13/2005,1.3026
9/14/2005,1.297
9/15/2005,1.3051
9/16/2005,1.3045
9/19/2005,1.3036
9/20/2005,1.2999
9/21/2005,1.2977
9/22/2005,1.3101
9/23/2005,1.3203
9/26/2005,1.3215
9/27/2005,1.3268
9/28/2005,1.3207
9/29/2005,1.317
9/30/2005,1.3084
10/3/2005,1.311
10/4/2005,1.3106
10/5/2005,1.3215
10/6/2005,1.3207
10/7/2005,1.3214
10/11/2005,1.3273
10/12/2005,1.3252
10/13/2005,1.339
10/14/2005,1.327
10/17/2005,1.3328
10/18/2005,1.338
10/19/2005,1.3362
10/20/2005,1.3266
10/21/2005,1.3382
10/24/2005,1.3319
10/25/2005,1.3231
10/26/2005,1.3257
10/27/2005,1.3193
10/28/2005,1.3332
10/31/2005,1.3369
11/1/2005,1.3421
11/2/2005,1.3488
11/3/2005,1.3514
11/4/2005,1.3665
11/7/2005,1.3657
11/8/2005,1.3591
11/9/2005,1.3639
11/10/2005,1.3682
11/14/2005,1.3761
11/15/2005,1.3654
11/16/2005,1.3686
11/17/2005,1.3628
11/18/2005,1.3684
11/21/2005,1.3576
11/22/2005,1.3598
11/23/2005,1.3545
11/25/2005,1.3604
11/28/2005,1.3554
11/29/2005,1.3532
11/30/2005,1.3524
12/1/2005,1.3495
12/2/2005,1.339
12/5/2005,1.3307
12/6/2005,1.3261
12/7/2005,1.339
12/8/2005,1.3321
12/9/2005,1.3296
12/12/2005,1.3238
12/13/2005,1.3254
12/14/2005,1.3215
12/15/2005,1.3387
12/16/2005,1.3459
12/19/2005,1.347
12/20/2005,1.3646
12/21/2005,1.3659
12/22/2005,1.3672
12/23/2005,1.3738
12/27/2005,1.3772
12/28/2005,1.3697
12/29/2005,1.3661
12/30/2005,1.362
1/3/2006,1.3552
1/4/2006,1.3396
1/5/2006,1.3365
1/6/2006,1.3284
1/9/2006,1.3303
1/10/2006,1.3351
1/11/2006,1.3231
1/12/2006,1.3312
1/13/2006,1.3271
1/17/2006,1.3303
1/18/2006,1.3355
1/19/2006,1.3389
1/20/2006,1.3387
1/23/2006,1.3293
1/24/2006,1.3305
1/25/2006,1.3271
1/26/2006,1.3277
1/27/2006,1.3301
1/30/2006,1.3339
1/31/2006,1.3207
2/1/2006,1.3259
2/2/2006,1.3249
2/3/2006,1.3349
2/6/2006,1.3466
2/7/2006,1.3448
2/8/2006,1.3526
2/9/2006,1.3521
2/10/2006,1.3552
2/13/2006,1.3521
2/14/2006,1.3534
2/15/2006,1.3508
2/16/2006,1.355
2/17/2006,1.3541
2/21/2006,1.3524
2/22/2006,1.3581
2/23/2006,1.3519
2/24/2006,1.3515
2/27/2006,1.3537
2/28/2006,1.3459
3/1/2006,1.3461
3/2/2006,1.3408
3/3/2006,1.3441
3/6/2006,1.3497
3/7/2006,1.3631
3/8/2006,1.3663
3/9/2006,1.3598
3/10/2006,1.368
3/13/2006,1.365
3/14/2006,1.3583
3/15/2006,1.355
3/16/2006,1.3605
3/17/2006,1.3716
3/20/2006,1.3845
3/21/2006,1.3966
3/22/2006,1.3881
3/23/2006,1.3996
3/24/2006,1.4071
3/27/2006,1.4172
3/28/2006,1.4112
3/29/2006,1.4168
3/30/2006,1.4006
3/31/2006,1.3957
4/3/2006,1.3933
4/4/2006,1.3883
4/5/2006,1.3768
4/6/2006,1.3671
4/7/2006,1.3738
4/10/2006,1.3732
4/11/2006,1.3648
4/12/2006,1.3671
4/13/2006,1.3727
4/14/2006,1.3719
4/17/2006,1.3559
4/18/2006,1.3541
4/19/2006,1.3396
4/20/2006,1.3557
4/21/2006,1.3434
4/24/2006,1.3434
4/25/2006,1.3412
4/26/2006,1.3271
4/27/2006,1.3221
4/28/2006,1.317
5/1/2006,1.3146
5/2/2006,1.3104
5/3/2006,1.2968
5/4/2006,1.2943
5/5/2006,1.2975
5/8/2006,1.2992
5/9/2006,1.2947
5/10/2006,1.2882
5/11/2006,1.2852
5/12/2006,1.294
5/15/2006,1.3111
5/16/2006,1.3062
5/17/2006,1.3168
5/18/2006,1.3068
5/19/2006,1.3212
5/22/2006,1.3317
5/23/2006,1.3252
5/24/2006,1.3287
5/25/2006,1.3184
5/26/2006,1.3198
5/30/2006,1.3125
5/31/2006,1.33
6/1/2006,1.3369
6/2/2006,1.3316
6/5/2006,1.3286
6/6/2006,1.3473
6/7/2006,1.3473
6/8/2006,1.3459
6/9/2006,1.3335
6/12/2006,1.3394
6/13/2006,1.3499
6/14/2006,1.3521
6/15/2006,1.3556
6/16/2006,1.3534
6/19/2006,1.3559
6/20/2006,1.3565
6/21/2006,1.3567
6/22/2006,1.3607
6/23/2006,1.3671
6/26/2006,1.3697
6/27/2006,1.3624
6/28/2006,1.3729
6/29/2006,1.3669
6/30/2006,1.3472
7/3/2006,1.3448
7/5/2006,1.3501
7/6/2006,1.3407
7/7/2006,1.3308
7/10/2006,1.3362
7/11/2006,1.3287
7/12/2006,1.327
7/13/2006,1.3264
7/14/2006,1.3261
7/17/2006,1.3346
7/18/2006,1.3398
7/19/2006,1.336
7/20/2006,1.3305
7/21/2006,1.3282
7/24/2006,1.327
7/25/2006,1.3282
7/26/2006,1.3168
7/27/2006,1.3087
7/28/2006,1.305
7/31/2006,1.3048
8/1/2006,1.3103
8/2/2006,1.3091
8/3/2006,1.3158
8/4/2006,1.3058
8/7/2006,1.3094
8/8/2006,1.3142
8/9/2006,1.3043
8/10/2006,1.3036
8/11/2006,1.3033
8/14/2006,1.316
8/15/2006,1.3074
8/16/2006,1.2989
8/17/2006,1.3091
8/18/2006,1.3194
8/21/2006,1.3089
8/22/2006,1.3115
8/23/2006,1.311
8/24/2006,1.3103
8/25/2006,1.3214
8/28/2006,1.3182
8/29/2006,1.3146
8/30/2006,1.308
8/31/2006,1.3106
9/1/2006,1.305
9/5/2006,1.298
9/6/2006,1.3057
9/7/2006,1.3158
9/8/2006,1.3263
9/11/2006,1.3316
9/12/2006,1.3284
9/13/2006,1.3268
9/14/2006,1.3249
9/15/2006,1.3303
9/18/2006,1.3268
9/19/2006,1.3264
9/20/2006,1.3256
9/21/2006,1.3228
9/22/2006,1.331
9/25/2006,1.3303
9/26/2006,1.331
9/27/2006,1.3342
9/28/2006,1.3356
9/29/2006,1.3403
10/2/2006,1.3362
10/3/2006,1.3437
10/4/2006,1.3446
10/5/2006,1.3425
10/6/2006,1.3452
10/10/2006,1.3437
10/11/2006,1.3434
10/12/2006,1.3321
10/13/2006,1.3323
10/16/2006,1.3268
10/17/2006,1.3263
10/18/2006,1.3266
10/19/2006,1.3182
10/20/2006,1.3193
10/23/2006,1.32
10/24/2006,1.3186
10/25/2006,1.3153
10/26/2006,1.3122
10/27/2006,1.3012
10/30/2006,1.3001
10/31/2006,1.2915
11/1/2006,1.29
11/2/2006,1.2918
11/3/2006,1.2989
11/6/2006,1.2975
11/7/2006,1.2887
11/8/2006,1.2975
11/9/2006,1.3007
11/10/2006,1.3033
11/13/2006,1.3108
11/14/2006,1.3062
11/15/2006,1.3084
11/16/2006,1.3016
11/17/2006,1.3011
11/20/2006,1.3017
11/21/2006,1.2999
11/22/2006,1.289
11/24/2006,1.285
11/27/2006,1.2845
11/28/2006,1.278
11/29/2006,1.2762
11/30/2006,1.2665
12/1/2006,1.2636
12/4/2006,1.2668
12/5/2006,1.2718
12/6/2006,1.2697
12/7/2006,1.2644
12/8/2006,1.2721
12/11/2006,1.2753
12/12/2006,1.2745
12/13/2006,1.2711
12/14/2006,1.2755
12/15/2006,1.2778
12/18/2006,1.2829
12/19/2006,1.275
12/20/2006,1.2724
12/21/2006,1.2736
12/22/2006,1.2771
12/26/2006,1.2773
12/27/2006,1.2753
12/28/2006,1.2689
12/29/2006,1.2684
1/2/2007,1.2563
1/3/2007,1.2636
1/4/2007,1.2724
1/5/2007,1.2825
1/8/2007,1.2799
1/9/2007,1.2829
1/10/2007,1.2877
1/11/2007,1.2783
1/12/2007,1.2778
1/16/2007,1.2778
1/17/2007,1.2715
1/18/2007,1.2681
1/19/2007,1.2671
1/22/2007,1.2669
1/23/2007,1.2625
1/24/2007,1.2791
1/25/2007,1.2863
1/26/2007,1.2947
1/29/2007,1.2943
1/30/2007,1.2947
1/31/2007,1.292
2/1/2007,1.291
2/2/2007,1.2908
2/5/2007,1.2872
2/6/2007,1.2872
2/7/2007,1.2844
2/8/2007,1.2801
2/9/2007,1.2878
2/12/2007,1.2943
2/13/2007,1.2863
2/14/2007,1.2767
2/15/2007,1.2744
2/16/2007,1.271
2/20/2007,1.2736
2/21/2007,1.266
2/22/2007,1.2666
2/23/2007,1.2626
2/26/2007,1.2609
2/27/2007,1.2606
2/28/2007,1.2671
3/1/2007,1.2718
3/2/2007,1.2765
3/5/2007,1.294
3/6/2007,1.2925
3/7/2007,1.2878
3/8/2007,1.289
3/9/2007,1.2811
3/12/2007,1.2757
3/13/2007,1.2705
3/14/2007,1.2723
3/15/2007,1.2684
3/16/2007,1.2582
3/19/2007,1.2506
3/20/2007,1.2475
3/21/2007,1.2477
3/22/2007,1.2372
3/23/2007,1.2404
3/26/2007,1.235
3/27/2007,1.2362
3/28/2007,1.2401
3/29/2007,1.2379
3/30/2007,1.234
4/2/2007,1.2246
4/3/2007,1.2299
4/4/2007,1.2225
4/5/2007,1.2206
4/6/2007,1.2229
4/9/2007,1.2244
4/10/2007,1.2121
4/11/2007,1.2108
4/12/2007,1.2083
4/13/2007,1.2011
4/16/2007,1.2009
4/17/2007,1.1952
4/18/2007,1.1972
4/19/2007,1.1967
4/20/2007,1.1957
4/23/2007,1.1992
4/24/2007,1.2071
4/25/2007,1.2
4/26/2007,1.2115
4/27/2007,1.2032
4/30/2007,1.2011
5/1/2007,1.2067
5/2/2007,1.2126
5/3/2007,1.2134
5/4/2007,1.2185
5/7/2007,1.2115
5/8/2007,1.2082
5/9/2007,1.207
5/10/2007,1.2019
5/11/2007,1.2011
5/14/2007,1.2
5/15/2007,1.1979
5/16/2007,1.2124
5/17/2007,1.2167
5/18/2007,1.2121
5/21/2007,1.2195
5/22/2007,1.2176
5/23/2007,1.2127
5/24/2007,1.2185
5/25/2007,1.221
5/29/2007,1.2192
5/30/2007,1.2165
5/31/2007,1.2089
6/1/2007,1.2029
6/4/2007,1.1989
6/5/2007,1.1946
6/6/2007,1.1893
6/7/2007,1.1839
6/8/2007,1.1867
6/11/2007,1.1868
6/12/2007,1.185
6/13/2007,1.1902
6/14/2007,1.1977
6/15/2007,1.1905
6/18/2007,1.1875
6/19/2007,1.182
6/20/2007,1.1823
6/21/2007,1.1809
6/22/2007,1.179
6/25/2007,1.1792
6/26/2007,1.1801
6/27/2007,1.194
6/28/2007,1.1819
6/29/2007,1.1777
7/2/2007,1.1633
7/3/2007,1.1705
7/5/2007,1.1681
7/6/2007,1.167
7/9/2007,1.1621
7/10/2007,1.1598
7/11/2007,1.1609
7/12/2007,1.1577
7/13/2007,1.151
7/16/2007,1.1465
7/17/2007,1.1452
7/18/2007,1.1392
7/19/2007,1.1369
7/20/2007,1.1369
7/23/2007,1.1319
7/24/2007,1.1311
7/25/2007,1.1328
7/26/2007,1.139
7/27/2007,1.1682
7/30/2007,1.1752
7/31/2007,1.1636
8/1/2007,1.1714
8/2/2007,1.1635
8/3/2007,1.1665
8/6/2007,1.1666
8/7/2007,1.1705
8/8/2007,1.1604
8/9/2007,1.1707
8/10/2007,1.1827
8/13/2007,1.1862
8/14/2007,1.1927
8/15/2007,1.2132
8/16/2007,1.2723
8/17/2007,1.2679
8/20/2007,1.2492
8/21/2007,1.25
8/22/2007,1.2433
8/23/2007,1.2294
8/24/2007,1.2133
8/27/2007,1.2066
8/28/2007,1.2185
8/29/2007,1.221
8/30/2007,1.222
8/31/2007,1.2259
9/3/2007,1.2259
9/4/2007,1.2129
9/5/2007,1.2129
9/6/2007,1.2085
9/7/2007,1.2108
9/10/2007,1.2139
9/11/2007,1.2034
9/12/2007,1.1903
9/13/2007,1.1912
9/14/2007,1.1884
9/17/2007,1.2008
9/18/2007,1.1957
9/19/2007,1.1689
9/20/2007,1.1573
9/21/2007,1.1561
9/24/2007,1.1535
9/25/2007,1.1506
9/26/2007,1.143
9/27/2007,1.1395
9/28/2007,1.1293
10/1/2007,1.1197
10/2/2007,1.1305
10/3/2007,1.1259
10/4/2007,1.1257
10/5/2007,1.1114
10/8/2007,1.1114
10/9/2007,1.1142
10/10/2007,1.1121
10/11/2007,1.1058
10/12/2007,1.106
10/15/2007,1.1096
10/16/2007,1.1287
10/17/2007,1.1183
10/18/2007,1.1177
10/19/2007,1.1192
10/22/2007,1.1383
10/23/2007,1.1182
10/24/2007,1.1115
10/25/2007,1.1039
10/26/2007,1.0913
10/29/2007,1.0857
10/30/2007,1.0887
10/31/2007,1.0786
11/1/2007,1.0886
11/2/2007,1.0893
11/5/2007,1.0874
11/6/2007,1.0807
11/7/2007,1.0673
11/8/2007,1.0792
11/9/2007,1.0935
11/13/2007,1.1245
11/14/2007,1.1109
11/15/2007,1.121
11/16/2007,1.1225
11/19/2007,1.1319
11/20/2007,1.1269
11/21/2007,1.1497
11/22/2007,1.1497
11/23/2007,1.1436
11/26/2007,1.1392
11/27/2007,1.1436
11/28/2007,1.1342
11/29/2007,1.1325
11/30/2007,1.1302
12/3/2007,1.1328
12/4/2007,1.146
12/5/2007,1.1482
12/6/2007,1.1453
12/7/2007,1.1355
12/10/2007,1.1326
12/11/2007,1.1278
12/12/2007,1.1291
12/13/2007,1.1435
12/14/2007,1.1601
12/17/2007,1.1669
12/18/2007,1.1686
12/19/2007,1.1673
12/20/2007,1.1659
12/21/2007,1.1551
12/24/2007,1.1488
12/26/2007,1.145
12/27/2007,1.1399
12/28/2007,1.1442
12/31/2007,1.1395
1/2/2008,1.1348
1/3/2008,1.1339
1/4/2008,1.1413
1/7/2008,1.1478
1/8/2008,1.1348
1/9/2008,1.1362
1/10/2008,1.1247
1/11/2008,1.1202
1/14/2008,1.1135
1/15/2008,1.1268
1/16/2008,1.139
1/17/2008,1.1329
1/18/2008,1.1417
1/22/2008,1.1515
1/23/2008,1.1555
1/24/2008,1.1377
1/25/2008,1.1342
1/28/2008,1.1321
1/29/2008,1.1242
1/30/2008,1.1245
1/31/2008,1.1151
2/1/2008,1.1068
2/4/2008,1.1
2/5/2008,1.1115
2/6/2008,1.1132
2/7/2008,1.1183
2/8/2008,1.1179
2/11/2008,1.1078
2/12/2008,1.104
2/13/2008,1.1193
2/14/2008,1.1069
2/15/2008,1.1027
2/19/2008,1.0866
2/20/2008,1.0931
2/21/2008,1.0862
2/22/2008,1.0864
2/25/2008,1.0832
2/26/2008,1.0762
2/27/2008,1.0619
2/28/2008,1.0567
2/29/2008,1.0672
3/3/2008,1.0628
3/4/2008,1.0838
3/5/2008,1.0731
3/6/2008,1.0733
3/7/2008,1.0772
3/10/2008,1.0897
3/11/2008,1.0812
3/12/2008,1.0727
3/13/2008,1.0626
3/14/2008,1.0671
3/17/2008,1.0889
3/18/2008,1.0786
3/19/2008,1.0853
3/20/2008,1.1163
3/21/2008,1.1091
3/24/2008,1.1035
3/25/2008,1.0946
3/26/2008,1.0874
3/27/2008,1.0867
3/28/2008,1.0884
3/31/2008,1.0951
4/1/2008,1.1029
4/2/2008,1.0948
4/3/2008,1.0927
4/4/2008,1.0853
4/7/2008,1.0783
4/8/2008,1.0778
4/9/2008,1.0772
4/10/2008,1.0725
4/11/2008,1.0764
4/14/2008,1.0835
4/15/2008,1.0817
4/16/2008,1.0643
4/17/2008,1.0672
4/18/2008,1.076
4/21/2008,1.0618
4/22/2008,1.0573
4/23/2008,1.054
4/24/2008,1.0644
4/25/2008,1.0718
4/28/2008,1.0644
4/29/2008,1.0699
4/30/2008,1.0617
5/1/2008,1.0709
5/2/2008,1.0677
5/5/2008,1.0578
5/6/2008,1.0547
5/7/2008,1.0609
5/8/2008,1.0604
5/9/2008,1.0619
5/12/2008,1.0563
5/13/2008,1.0616
5/14/2008,1.0697
5/15/2008,1.0621
5/16/2008,1.0482
5/19/2008,1.0491
5/20/2008,1.0418
5/21/2008,1.0369
5/22/2008,1.0469
5/23/2008,1.0408
5/27/2008,1.043
5/28/2008,1.0399
5/29/2008,1.0477
5/30/2008,1.047
6/2/2008,1.0473
6/3/2008,1.0477
6/4/2008,1.0411
6/5/2008,1.0453
6/6/2008,1.0413
6/9/2008,1.0501
6/10/2008,1.0584
6/11/2008,1.0541
6/12/2008,1.0704
6/13/2008,1.065
6/16/2008,1.0634
6/17/2008,1.0607
6/18/2008,1.0592
6/19/2008,1.0527
6/20/2008,1.0482
6/23/2008,1.0519
6/24/2008,1.0446
6/25/2008,1.0482
6/26/2008,1.0446
6/27/2008,1.0406
6/30/2008,1.0458
7/1/2008,1.0488
7/2/2008,1.038
7/3/2008,1.0412
7/7/2008,1.0492
7/8/2008,1.049
7/9/2008,1.0433
7/10/2008,1.0394
7/11/2008,1.0337
7/14/2008,1.0287
7/15/2008,1.0207
7/16/2008,1.0245
7/17/2008,1.0256
7/18/2008,1.028
7/21/2008,1.0257
7/22/2008,1.0293
7/23/2008,1.0378
7/24/2008,1.0449
7/25/2008,1.0458
7/28/2008,1.0448
7/29/2008,1.0517
7/30/2008,1.06
7/31/2008,1.0621
8/1/2008,1.0733
8/4/2008,1.0754
8/5/2008,1.0921
8/6/2008,1.1016
8/7/2008,1.1014
8/8/2008,1.1217
8/11/2008,1.1275
8/12/2008,1.1419
8/13/2008,1.1527
8/14/2008,1.1482
8/15/2008,1.1526
8/18/2008,1.1478
8/19/2008,1.1481
8/20/2008,1.1478
8/21/2008,1.1383
8/22/2008,1.1509
8/25/2008,1.1526
8/26/2008,1.1681
8/27/2008,1.1692
8/28/2008,1.1604
8/29/2008,1.1678
9/2/2008,1.1962
9/3/2008,1.1973
9/4/2008,1.2051
9/5/2008,1.2335
9/8/2008,1.2268
9/9/2008,1.2375
9/10/2008,1.2444
9/11/2008,1.2534
9/12/2008,1.224
9/15/2008,1.2376
9/16/2008,1.2596
9/17/2008,1.277
9/18/2008,1.2517
9/19/2008,1.2066
9/22/2008,1.1847
9/23/2008,1.1926
9/24/2008,1.1953
9/25/2008,1.1962
9/26/2008,1.206
9/29/2008,1.2308
9/30/2008,1.2652
10/1/2008,1.2599
10/2/2008,1.287
10/3/2008,1.2903
10/6/2008,1.4008
10/7/2008,1.3858
10/8/2008,1.4948
10/9/2008,1.4255
10/10/2008,1.5312
10/14/2008,1.4176
10/15/2008,1.4635
10/16/2008,1.4908
10/17/2008,1.4478
10/20/2008,1.4349
10/21/2008,1.4678
10/22/2008,1.493
10/23/2008,1.5022
10/24/2008,1.6221
10/27/2008,1.6466
10/28/2008,1.5995
10/29/2008,1.4963
10/30/2008,1.4937
10/31/2008,1.5211
11/3/2008,1.4656
11/4/2008,1.4276
11/5/2008,1.4343
11/6/2008,1.4728
11/7/2008,1.4868
11/10/2008,1.4804
11/12/2008,1.5506
11/13/2008,1.562
11/14/2008,1.509
11/17/2008,1.5239
11/18/2008,1.5209
11/19/2008,1.5382
11/20/2008,1.6152
11/21/2008,1.599
11/24/2008,1.5382
11/25/2008,1.5413
11/26/2008,1.5456
11/28/2008,1.5277
12/1/2008,1.5511
12/2/2008,1.5521
12/3/2008,1.5427
12/4/2008,1.5321
12/5/2008,1.5765
12/8/2008,1.5051
12/9/2008,1.5152
12/10/2008,1.5117
12/11/2008,1.4751
12/12/2008,1.5198
12/15/2008,1.4896
12/16/2008,1.476
12/17/2008,1.4353
12/18/2008,1.4316
12/19/2008,1.4693
12/22/2008,1.4637
12/23/2008,1.4697
12/24/2008,1.465
12/26/2008,1.4676
12/29/2008,1.4388
12/30/2008,1.448
12/31/2008,1.432
1/2/2009,1.4118
1/5/2009,1.3994
1/6/2009,1.3914
1/7/2009,1.3866
1/8/2009,1.4142
1/9/2009,1.4158
1/12/2009,1.4676
1/13/2009,1.4981
1/14/2009,1.506
1/15/2009,1.5249
1/16/2009,1.5015
1/20/2009,1.5211
1/21/2009,1.5396
1/22/2009,1.5281
1/23/2009,1.5333
1/26/2009,1.5129
1/27/2009,1.5147
1/28/2009,1.4928
1/29/2009,1.5267
1/30/2009,1.5674
2/2/2009,1.5823
2/3/2009,1.5442
2/4/2009,1.5387
2/5/2009,1.5293
2/6/2009,1.4892
2/9/2009,1.4633
2/10/2009,1.5177
2/11/2009,1.527
2/12/2009,1.5368
2/13/2009,1.5163
2/17/2009,1.5659
2/18/2009,1.5662
2/19/2009,1.5504
2/20/2009,1.5579
2/23/2009,1.5489
2/24/2009,1.5555
2/25/2009,1.5442
2/26/2009,1.53
2/27/2009,1.5579
3/2/2009,1.587
3/3/2009,1.5654
3/4/2009,1.5387
3/5/2009,1.5605
3/6/2009,1.5605
3/9/2009,1.5845
3/10/2009,1.5449
3/11/2009,1.5392
3/12/2009,1.5449
3/13/2009,1.5207
3/16/2009,1.5126
3/17/2009,1.5172
3/18/2009,1.5177
3/19/2009,1.4436
3/20/2009,1.451
3/23/2009,1.4298
3/24/2009,1.4251
3/25/2009,1.4267
3/26/2009,1.4241
3/27/2009,1.4397
3/30/2009,1.4732
3/31/2009,1.444
4/1/2009,1.4407
4/2/2009,1.3949
4/3/2009,1.4079
4/6/2009,1.4083
4/7/2009,1.3966
4/8/2009,1.4065
4/9/2009,1.3951
4/10/2009,1.391
4/13/2009,1.3721
4/14/2009,1.3725
4/15/2009,1.3835
4/16/2009,1.3887
4/17/2009,1.3881
4/20/2009,1.4245
4/21/2009,1.4094
4/22/2009,1.4067
4/23/2009,1.4075
4/24/2009,1.385
4/27/2009,1.3972
4/28/2009,1.4198
4/29/2009,1.3759
4/30/2009,1.3667
5/1/2009,1.3717
5/4/2009,1.3535
5/5/2009,1.3448
5/6/2009,1.3392
5/7/2009,1.3194
5/8/2009,1.3142
5/11/2009,1.3134
5/12/2009,1.3098
5/13/2009,1.321
5/14/2009,1.3205
5/15/2009,1.3287
5/18/2009,1.3165
5/19/2009,1.2918
5/20/2009,1.287
5/21/2009,1.2915
5/22/2009,1.2734
5/26/2009,1.2752
5/27/2009,1.27
5/28/2009,1.2721
5/29/2009,1.2511
6/1/2009,1.2344
6/2/2009,1.2204
6/3/2009,1.2341
6/4/2009,1.2516
6/5/2009,1.2481
6/8/2009,1.2737
6/9/2009,1.2531
6/10/2009,1.2433
6/11/2009,1.2203
6/12/2009,1.2297
6/15/2009,1.2626
6/16/2009,1.25
6/17/2009,1.2679
6/18/2009,1.2441
6/19/2009,1.2329
6/22/2009,1.2665
6/23/2009,1.2657
6/24/2009,1.2456
6/25/2009,1.2516
6/26/2009,1.2418
6/29/2009,1.2398
6/30/2009,1.2415
7/1/2009,1.2338
7/2/2009,1.2582
7/3/2009,1.2522
7/6/2009,1.2623
7/7/2009,1.2558
7/8/2009,1.2853
7/9/2009,1.2765
7/10/2009,1.2902
7/13/2009,1.2809
7/14/2009,1.2666
7/15/2009,1.2436
7/16/2009,1.247
7/17/2009,1.248
7/20/2009,1.2299
7/21/2009,1.2311
7/22/2009,1.2253
7/23/2009,1.2186
7/24/2009,1.2252
7/27/2009,1.2177
7/28/2009,1.2067
7/29/2009,1.2249
7/30/2009,1.2089
7/31/2009,1.1992
8/3/2009,1.1865
8/4/2009,1.1874
8/5/2009,1.1927
8/6/2009,1.1909
8/7/2009,1.1946
8/10/2009,1.1937
8/11/2009,1.2054
8/12/2009,1.2
8/13/2009,1.191
8/14/2009,1.2015
8/17/2009,1.2145
8/18/2009,1.2194
8/19/2009,1.2058
8/20/2009,1.2037
8/21/2009,1.1977
8/24/2009,1.1895
8/25/2009,1.1888
8/26/2009,1.2088
8/27/2009,1.1969
8/28/2009,1.1869
8/31/2009,1.185
9/1/2009,1.2039
9/2/2009,1.2015
9/3/2009,1.1896
9/4/2009,1.1786
9/8/2009,1.1579
9/9/2009,1.1575
9/10/2009,1.1633
9/11/2009,1.1562
9/14/2009,1.1623
9/15/2009,1.1624
9/16/2009,1.1463
9/17/2009,1.1453
9/18/2009,1.1537
9/21/2009,1.1579
9/22/2009,1.1447
9/23/2009,1.1465
9/24/2009,1.1513
9/25/2009,1.1554
9/28/2009,1.145
9/29/2009,1.1493
9/30/2009,1.1333
10/1/2009,1.1455
10/2/2009,1.1553
10/5/2009,1.14
10/6/2009,1.1221
10/7/2009,1.1264
10/8/2009,1.1023
10/9/2009,1.1069
10/13/2009,1.102
10/14/2009,1.0949
10/15/2009,1.0865
10/16/2009,1.0919
10/19/2009,1.0792
10/20/2009,1.0859
10/21/2009,1.0782
10/22/2009,1.0842
10/23/2009,1.0805
10/26/2009,1.087
10/27/2009,1.0913
10/28/2009,1.1095
10/29/2009,1.0937
10/30/2009,1.1064
11/2/2009,1.101
11/3/2009,1.113
11/4/2009,1.1005
11/5/2009,1.101
11/6/2009,1.0912
11/9/2009,1.0761
11/10/2009,1.0778
11/12/2009,1.0813
11/13/2009,1.074
11/16/2009,1.0673
11/17/2009,1.0794
11/18/2009,1.075
11/19/2009,1.0886
11/20/2009,1.0923
11/23/2009,1.0814
11/24/2009,1.0906
11/25/2009,1.0774
11/27/2009,1.1002
11/30/2009,1.0937
12/1/2009,1.0812
12/2/2009,1.0797
12/3/2009,1.0793
12/4/2009,1.093
12/7/2009,1.0953
12/8/2009,1.101
12/9/2009,1.1017
12/10/2009,1.0913
12/11/2009,1.0975
12/14/2009,1.0922
12/15/2009,1.103
12/16/2009,1.1094
12/17/2009,1.1293
12/18/2009,1.1279
12/21/2009,1.1321
12/22/2009,1.1393
12/23/2009,1.1349
12/24/2009,1.1328
12/28/2009,1.1268
12/29/2009,1.115
12/30/2009,1.1179
12/31/2009,1.1137
1/4/2010,1.0949
1/5/2010,1.0937
1/6/2010,1.0883
1/7/2010,1.0908
1/8/2010,1.0848
1/11/2010,1.0758
1/12/2010,1.082
1/13/2010,1.084
1/14/2010,1.0746
1/15/2010,1.083
1/19/2010,1.0832
1/20/2010,1.1007
1/21/2010,1.1046
1/22/2010,1.105
1/25/2010,1.1074
1/26/2010,1.1174
1/27/2010,1.1152
1/28/2010,1.1082
1/29/2010,1.127
2/1/2010,1.1265
2/2/2010,1.1308
2/3/2010,1.134
2/4/2010,1.1566
2/5/2010,1.1605
2/8/2010,1.1504
2/9/2010,1.14
2/10/2010,1.1442
2/11/2010,1.1254
2/12/2010,1.1313
2/16/2010,1.1119
2/17/2010,1.1119
2/18/2010,1.1147
2/19/2010,1.1168
2/22/2010,1.1119
2/23/2010,1.1192
2/24/2010,1.1184
2/25/2010,1.1349
2/26/2010,1.1159
3/1/2010,1.111
3/2/2010,1.1058
3/3/2010,1.1017
3/4/2010,1.1115
3/5/2010,1.1031
3/8/2010,1.1008
3/9/2010,1.0943
3/10/2010,1.0905
3/11/2010,1.0929
3/12/2010,1.0927
3/15/2010,1.0969
3/16/2010,1.0931
3/17/2010,1.084
3/18/2010,1.0868
3/19/2010,1.0912
3/22/2010,1.0924
3/23/2010,1.0886
3/24/2010,1.1001
3/25/2010,1.0966
3/26/2010,1.106
3/29/2010,1.0927
3/30/2010,1.089
3/31/2010,1.0906
4/1/2010,1.0855
4/2/2010,1.0885
4/5/2010,1.0858
4/6/2010,1.0806
4/7/2010,1.0768
4/8/2010,1.0772
4/9/2010,1.0723
4/12/2010,1.0756
4/13/2010,1.0783
4/14/2010,1.0685
4/15/2010,1.0727
4/16/2010,1.0808
4/19/2010,1.0887
4/20/2010,1.0739
4/21/2010,1.0778
4/22/2010,1.0815
4/23/2010,1.0835
4/26/2010,1.0784
4/27/2010,1.0905
4/28/2010,1.0846
4/29/2010,1.0779
4/30/2010,1.0746
5/3/2010,1.0805
5/4/2010,1.0959
5/5/2010,1.0995
5/6/2010,1.1187
5/7/2010,1.1249
5/10/2010,1.1091
5/11/2010,1.1123
5/12/2010,1.1203
5/13/2010,1.1114
5/14/2010,1.1254
5/17/2010,1.1448
5/18/2010,1.1459
5/19/2010,1.1933
5/20/2010,1.2121
5/21/2010,1.2045
5/24/2010,1.2013
5/25/2010,1.2237
5/26/2010,1.2061
5/27/2010,1.1811
5/28/2010,1.1777
6/1/2010,1.191
6/2/2010,1.1969
6/3/2010,1.1876
6/4/2010,1.2079
6/7/2010,1.2207
6/8/2010,1.2148
6/9/2010,1.1995
6/10/2010,1.1808
6/11/2010,1.1774
6/14/2010,1.1582
6/15/2010,1.1606
6/16/2010,1.1563
6/17/2010,1.1563
6/18/2010,1.1496
6/21/2010,1.134
6/22/2010,1.1375
6/23/2010,1.1443
6/24/2010,1.1533
6/25/2010,1.1518
6/28/2010,1.1444
6/29/2010,1.173
6/30/2010,1.1792
7/1/2010,1.1933
7/2/2010,1.186
7/6/2010,1.1689
7/7/2010,1.1671
7/8/2010,1.1406
7/9/2010,1.1425
7/12/2010,1.1451
7/13/2010,1.1337
7/14/2010,1.1294
7/15/2010,1.1388
7/16/2010,1.1485
7/19/2010,1.1505
7/20/2010,1.1379
7/21/2010,1.1333
7/22/2010,1.1211
7/23/2010,1.1178
7/26/2010,1.1114
7/27/2010,1.109
7/28/2010,1.1199
7/29/2010,1.1135
7/30/2010,1.1049
8/2/2010,1.0947
8/3/2010,1.0929
8/4/2010,1.0917
8/5/2010,1.0952
8/6/2010,1.0911
8/9/2010,1.0905
8/10/2010,1.1006
8/11/2010,1.1104
8/12/2010,1.1156
8/13/2010,1.1167
8/16/2010,1.1141
8/17/2010,1.1029
8/18/2010,1.1117
8/19/2010,1.1201
8/20/2010,1.126
8/23/2010,1.1198
8/24/2010,1.1284
8/25/2010,1.1355
8/26/2010,1.126
8/27/2010,1.1137
8/30/2010,1.1186
8/31/2010,1.1223
9/1/2010,1.0997
9/2/2010,1.0984
9/3/2010,1.0923
9/7/2010,1.0937
9/8/2010,1.0887
9/9/2010,1.0813
9/10/2010,1.0801
9/13/2010,1.0685
9/14/2010,1.0598
9/15/2010,1.0642
9/16/2010,1.0694
9/17/2010,1.0663
9/20/2010,1.055
9/21/2010,1.0554
9/22/2010,1.0487
9/23/2010,1.0484
9/24/2010,1.0434
9/27/2010,1.0393
9/28/2010,1.0338
9/29/2010,1.0294
9/30/2010,1.0373
10/1/2010,1.0299
10/4/2010,1.0346
10/5/2010,1.031
10/6/2010,1.0224
10/7/2010,1.0188
10/8/2010,1.0136
10/12/2010,1.0154
10/13/2010,1.0079
10/14/2010,1.0057
10/15/2010,1.0118
10/18/2010,1.0084
10/19/2010,1.0248
10/20/2010,1.0154
10/21/2010,1.0165
10/22/2010,1.0221
10/25/2010,1.0067
10/26/2010,1.0139
10/27/2010,1.031
10/28/2010,1.0218
10/29/2010,1.0206
11/1/2010,1.0124
11/2/2010,1.001
11/3/2010,1.0033
11/4/2010,0.9859
11/5/2010,0.9864
11/8/2010,0.9868
11/9/2010,0.9881
11/10/2010,0.9975
11/12/2010,1.0095
11/15/2010,1.0097
11/16/2010,1.0251
11/17/2010,1.0182
11/18/2010,1.0111
11/19/2010,1.0156
11/22/2010,1.0135
11/23/2010,1.0277
11/24/2010,1.0181
11/26/2010,1.0373
11/29/2010,1.0423
11/30/2010,1.0409
12/1/2010,1.0336
12/2/2010,1.0231
12/3/2010,1.0125
12/6/2010,1.0118
12/7/2010,1.0107
12/8/2010,1.0225
12/9/2010,1.018
12/10/2010,1.0146
12/13/2010,1.0058
12/14/2010,1.0002
12/15/2010,1.0084
12/16/2010,1.0136
12/17/2010,1.0148
12/20/2010,1.0067
12/21/2010,1.0028
12/22/2010,0.9997
12/23/2010,0.9949
12/27/2010,0.9974
12/28/2010,0.9889
12/29/2010,0.9849
12/30/2010,0.9879
1/3/2011,0.9804
1/4/2011,0.9956
1/5/2011,0.9997
1/6/2011,1.0041
1/7/2011,1.0046
1/10/2011,1.0064
1/11/2011,1.0129
1/12/2011,1.0066
1/13/2011,0.9997
1/14/2011,1.0115
1/18/2011,1.002
1/19/2011,0.997
1/20/2011,1.0134
1/21/2011,1.0109
1/24/2011,0.9999
1/25/2011,1.0091
1/26/2011,1.0052
1/27/2011,1.0094
1/28/2011,1.0075
1/31/2011,1.0024
2/1/2011,0.9879
2/2/2011,0.9938
2/3/2011,0.9859
2/4/2011,0.9863
2/7/2011,0.9863
2/8/2011,0.9827
2/9/2011,0.9906
2/10/2011,0.9939
2/11/2011,0.9999
2/14/2011,0.9976
2/15/2011,1.0011
2/16/2011,1.0016
2/17/2011,0.9885
2/18/2011,0.9858
2/22/2011,1.0008
2/23/2011,0.9999
2/24/2011,0.9913
2/25/2011,0.9847
2/28/2011,0.9829
3/1/2011,0.9843
3/2/2011,0.9845
3/3/2011,0.9871
3/4/2011,0.989
3/7/2011,0.9891
3/8/2011,0.9888
3/9/2011,0.989
3/10/2011,0.9983
3/11/2011,0.9891
3/14/2011,0.9928
3/15/2011,1.0101
3/16/2011,1.0161
3/17/2011,1.018
3/18/2011,1.0047
3/21/2011,0.9956
3/22/2011,0.9883
3/23/2011,0.9896
3/24/2011,0.9786
3/25/2011,0.9726
3/28/2011,0.9727
3/29/2011,0.9743
3/30/2011,0.9691
3/31/2011,0.9654
4/1/2011,0.9627
4/4/2011,0.966
4/5/2011,0.9666
4/6/2011,0.9592
4/7/2011,0.9564
4/8/2011,0.9496
4/11/2011,0.9493
4/12/2011,0.9551
4/13/2011,0.952
4/14/2011,0.9503
4/15/2011,0.9471
4/18/2011,0.9533
4/19/2011,0.9517
4/20/2011,0.9366
4/21/2011,0.9305
4/22/2011,0.9315
4/25/2011,0.9331
4/26/2011,0.9283
4/27/2011,0.9268
4/28/2011,0.918
4/29/2011,0.9143
5/2/2011,0.9116
5/3/2011,0.9157
5/4/2011,0.9289
5/5/2011,0.9397
5/6/2011,0.9291
5/9/2011,0.9299
5/10/2011,0.9257
5/11/2011,0.9297
5/12/2011,0.9388
5/13/2011,0.9465
5/16/2011,0.9416
5/17/2011,0.9489
5/18/2011,0.9419
5/19/2011,0.9422
5/20/2011,0.9395
5/23/2011,0.9527
5/24/2011,0.9474
5/25/2011,0.949
5/26/2011,0.9443
5/27/2011,0.9336
5/31/2011,0.9381
6/1/2011,0.9332
6/2/2011,0.9419
6/3/2011,0.9334
6/6/2011,0.9314
6/7/2011,0.9334
6/8/2011,0.9403
6/9/2011,0.9397
6/10/2011,0.9463
6/13/2011,0.9468
6/14/2011,0.9354
6/15/2011,0.9415
6/16/2011,0.9487
6/17/2011,0.9416
6/20/2011,0.9446
6/21/2011,0.9436
6/22/2011,0.9405
6/23/2011,0.9538
6/24/2011,0.9503
6/27/2011,0.9579
6/28/2011,0.9505
6/29/2011,0.9369
6/30/2011,0.9318
7/1/2011,0.9299
7/5/2011,0.9348
7/6/2011,0.9349
7/7/2011,0.929
7/8/2011,0.9322
7/11/2011,0.9379
7/12/2011,0.9411
7/13/2011,0.9291
7/14/2011,0.931
7/15/2011,0.9384
7/18/2011,0.9465
7/19/2011,0.9347
7/20/2011,0.9322
7/21/2011,0.9228
7/22/2011,0.9216
7/25/2011,0.9214
7/26/2011,0.9139
7/27/2011,0.9069
7/28/2011,0.907
7/29/2011,0.909
8/1/2011,0.9149
8/2/2011,0.9225
8/3/2011,0.9327
8/4/2011,0.9509
8/5/2011,0.9634
8/8/2011,0.9661
8/9/2011,0.9812
8/10/2011,0.9794
8/11/2011,0.9738
8/12/2011,0.966
8/15/2011,0.9544
8/16/2011,0.9532
8/17/2011,0.9485
8/18/2011,0.9622
8/19/2011,0.9575
8/22/2011,0.96
8/23/2011,0.9515
8/24/2011,0.955
8/25/2011,0.9563
8/26/2011,0.9458
8/29/2011,0.9417
8/30/2011,0.9367
8/31/2011,0.9344
9/1/2011,0.9302
9/2/2011,0.9366
9/6/2011,0.9515
9/7/2011,0.9422
9/8/2011,0.9407
9/9/2011,0.9573
9/12/2011,0.9697
9/13/2011,0.969
9/14/2011,0.9771
9/15/2011,0.9696
9/16/2011,0.9634
9/19/2011,0.9788
9/20/2011,0.9715
9/21/2011,0.9795
9/22/2011,1.0242
9/23/2011,1.0221
9/26/2011,1.0255
9/27/2011,1.0038
9/28/2011,1.0106
9/29/2011,1.0185
9/30/2011,1.0263
10/3/2011,1.0366
10/4/2011,1.0579
10/5/2011,1.0391
10/6/2011,1.031
10/7/2011,1.016
10/11/2011,1.0022
10/12/2011,0.9837
10/13/2011,0.9855
10/14/2011,0.9713
10/17/2011,0.9765
10/18/2011,0.9785
10/19/2011,0.9735
10/20/2011,0.9816
10/21/2011,0.9681
10/24/2011,0.9566
10/25/2011,0.9572
10/26/2011,0.9664
10/27/2011,0.9358
10/28/2011,0.934
10/31/2011,0.9425
11/1/2011,0.9707
11/2/2011,0.9647
11/3/2011,0.966
11/4/2011,0.9654
11/7/2011,0.9672
11/8/2011,0.9679
11/9/2011,0.9805
11/10/2011,0.9865
11/14/2011,0.9811
11/15/2011,0.9858
11/16/2011,0.9865
11/17/2011,0.9944
11/18/2011,0.9964
11/21/2011,1.0161
11/22/2011,1.0172
11/23/2011,1.0324
11/25/2011,1.027
11/28/2011,1.0077
11/29/2011,0.9982
11/30/2011,0.9762
12/1/2011,0.9778
12/2/2011,0.9784
12/5/2011,0.9711
12/6/2011,0.9778
12/7/2011,0.9739
12/8/2011,0.9816
12/9/2011,0.9814
12/12/2011,0.9941
12/13/2011,0.9904
12/14/2011,1.0097
12/15/2011,1.0064
12/16/2011,1.0038
12/19/2011,1.0086
12/20/2011,0.9931
12/21/2011,0.993
12/22/2011,0.9862
12/23/2011,0.9854
12/27/2011,0.9843
12/28/2011,0.9909
12/29/2011,0.9868
12/30/2011,0.9755
1/3/2012,0.9634
1/4/2012,0.9664
1/5/2012,0.9753
1/6/2012,0.977
1/9/2012,0.979
1/10/2012,0.9687
1/11/2012,0.9713
1/12/2012,0.9698
1/13/2012,0.9716
1/17/2012,0.962
1/18/2012,0.962
1/19/2012,0.96
1/20/2012,0.955
1/23/2012,0.9493
1/24/2012,0.9551
1/25/2012,0.9541
1/26/2012,0.9389
1/27/2012,0.9394
1/30/2012,0.9443
1/31/2012,0.9436
2/1/2012,0.9346
2/2/2012,0.933
2/3/2012,0.9292
2/6/2012,0.9308
2/7/2012,0.9261
2/8/2012,0.9272
2/9/2012,0.9254
2/10/2012,0.9367
2/13/2012,0.931
2/14/2012,0.9354
2/15/2012,0.9309
2/16/2012,0.9295
2/17/2012,0.935
2/21/2012,0.9353
2/22/2012,0.9408
2/23/2012,0.9356
2/24/2012,0.934
2/27/2012,0.929
2/28/2012,0.9289
2/29/2012,0.9279
3/1/2012,0.9257
3/2/2012,0.9305
3/5/2012,0.9374
3/6/2012,0.9478
3/7/2012,0.9449
3/8/2012,0.9418
3/9/2012,0.9443
3/12/2012,0.9533
3/13/2012,0.9488
3/14/2012,0.9573
3/15/2012,0.9498
3/16/2012,0.9448
3/19/2012,0.9427
3/20/2012,0.9537
3/21/2012,0.9579
3/22/2012,0.9643
3/23/2012,0.9564
3/26/2012,0.9514
3/27/2012,0.9533
3/28/2012,0.9644
3/29/2012,0.9684
3/30/2012,0.9646
4/2/2012,0.9591
4/3/2012,0.9641
4/4/2012,0.9751
4/5/2012,0.9706
4/6/2012,0.9698
4/9/2012,0.9691
4/10/2012,0.9745
4/11/2012,0.9713
4/12/2012,0.9578
4/13/2012,0.9641
4/16/2012,0.9671
4/17/2012,0.9611
4/18/2012,0.9646
4/19/2012,0.9674
4/20/2012,0.9639
4/23/2012,0.971
4/24/2012,0.971
4/25/2012,0.9678
4/26/2012,0.9631
4/27/2012,0.9572
4/30/2012,0.9606
5/1/2012,0.9667
5/2/2012,0.9705
5/3/2012,0.9747
5/4/2012,0.9814
5/7/2012,0.9803
5/8/2012,0.9884
5/9/2012,0.9934
5/10/2012,0.9888
5/11/2012,0.9935
5/14/2012,1.0002
5/15/2012,1.0023
5/16/2012,1.0067
5/17/2012,1.0076
5/18/2012,1.0184
5/21/2012,1.0149
5/22/2012,1.0128
5/23/2012,1.03
5/24/2012,1.0231
5/25/2012,1.0227
5/29/2012,1.0178
5/30/2012,1.0274
5/31/2012,1.0298
6/1/2012,1.0322
6/4/2012,1.0289
6/5/2012,1.0286
6/6/2012,1.0096
6/7/2012,1.0064
6/8/2012,1.0133
6/11/2012,1.0076
6/12/2012,1.0076
6/13/2012,1.0027
6/14/2012,1.0011
6/15/2012,0.9943
6/18/2012,0.9913
6/19/2012,0.9808
6/20/2012,0.981
6/21/2012,0.9906
6/22/2012,0.9941
6/25/2012,1.0019
6/26/2012,0.9954
6/27/2012,0.993
6/28/2012,0.9975
6/29/2012,0.9769
7/2/2012,0.9767
7/3/2012,0.9714
7/5/2012,0.9717
7/6/2012,0.9816
7/9/2012,0.9827
7/10/2012,0.9787
7/11/2012,0.9754
7/12/2012,0.9871
7/13/2012,0.9792
7/16/2012,0.9769
7/17/2012,0.9727
7/18/2012,0.9665
7/19/2012,0.9594
7/20/2012,0.9631
7/23/2012,0.9737
7/24/2012,0.9753
7/25/2012,0.9732
7/26/2012,0.9625
7/27/2012,0.9578
7/30/2012,0.9534
7/31/2012,0.9504
8/1/2012,0.9508
8/2/2012,0.9568
8/3/2012,0.9464
8/6/2012,0.9442
8/7/2012,0.946
8/8/2012,0.9458
8/9/2012,0.9463
8/10/2012,0.9462
8/13/2012,0.9517
8/14/2012,0.9518
8/15/2012,0.9516
8/16/2012,0.9519
8/17/2012,0.959
8/20/2012,0.9563
8/21/2012,0.953
8/22/2012,0.9573
8/23/2012,0.9543
8/24/2012,0.9605
8/27/2012,0.9627
8/28/2012,0.9631
8/29/2012,0.9647
8/30/2012,0.9708
8/31/2012,0.9677
9/4/2012,0.9775
9/5/2012,0.9809
9/6/2012,0.972
9/7/2012,0.9625
9/10/2012,0.965
9/11/2012,0.9577
9/12/2012,0.9567
9/13/2012,0.957
9/14/2012,0.9469
9/17/2012,0.9533
9/18/2012,0.9573
9/19/2012,0.9542
9/20/2012,0.9606
9/21/2012,0.9552
9/24/2012,0.96
9/25/2012,0.9574
9/26/2012,0.9655
9/27/2012,0.9579
9/28/2012,0.9626
10/1/2012,0.9639
10/2/2012,0.9716
10/3/2012,0.9787
10/4/2012,0.9776
10/5/2012,0.9787
10/9/2012,0.9815
10/10/2012,0.9764
10/11/2012,0.9746
10/12/2012,0.9777
10/15/2012,0.9761
10/16/2012,0.9737
10/17/2012,0.9634
10/18/2012,0.9618
10/19/2012,0.9682
10/22/2012,0.9692
10/23/2012,0.9757
10/24/2012,0.9676
10/25/2012,0.9663
10/26/2012,0.9654
10/29/2012,0.9681
10/30/2012,0.9643
10/31/2012,0.9643
11/1/2012,0.9614
11/2/2012,0.9646
11/5/2012,0.9643
11/6/2012,0.958
11/7/2012,0.9608
11/8/2012,0.9589
11/9/2012,0.962
11/13/2012,0.9584
11/14/2012,0.9618
11/15/2012,0.9695
11/16/2012,0.9692
11/19/2012,0.961
11/20/2012,0.9631
11/21/2012,0.9667
11/23/2012,0.9568
11/26/2012,0.9569
11/27/2012,0.9559
11/28/2012,0.9551
11/29/2012,0.9594
11/30/2012,0.9589
12/3/2012,0.9585
12/4/2012,0.9545
12/5/2012,0.956
12/6/2012,0.9532
12/7/2012,0.9537
12/10/2012,0.9531
12/11/2012,0.9508
12/12/2012,0.9489
12/13/2012,0.9498
12/14/2012,0.9474
12/17/2012,0.948
12/18/2012,0.9499
12/19/2012,0.9527
12/20/2012,0.9544
12/21/2012,0.9597
12/24/2012,0.9643
12/26/2012,0.9662
12/27/2012,0.9653
12/28/2012,0.963
12/31/2012,0.9622
1/2/2013,0.9531
1/3/2013,0.951
1/4/2013,0.9566
1/7/2013,0.9543
1/8/2013,0.9537
1/9/2013,0.9508
1/10/2013,0.9453
1/11/2013,0.9489
1/14/2013,0.9469
1/15/2013,0.9471
1/16/2013,0.9467
1/17/2013,0.9488
1/18/2013,0.9528
1/22/2013,0.9472
1/23/2013,0.9474
1/24/2013,0.9554
1/25/2013,0.9596
1/28/2013,0.9614
1/29/2013,0.9555
1/30/2013,0.9595
1/31/2013,0.9585
2/1/2013,0.9604
2/4/2013,0.9595
2/5/2013,0.9626
2/6/2013,0.9688
2/7/2013,0.9723
2/8/2013,0.9691
2/11/2013,0.9722
2/12/2013,0.9701
2/13/2013,0.9667
2/14/2013,0.9663
2/15/2013,0.9705
2/19/2013,0.9662
2/20/2013,0.9722
2/21/2013,0.9755
2/22/2013,0.9692
2/25/2013,0.9724
2/26/2013,0.9796
2/27/2013,0.9802
2/28/2013,0.9765
3/1/2013,0.9794
3/4/2013,0.9839
3/5/2013,0.9768
3/6/2013,0.9758
3/7/2013,0.9744
3/8/2013,0.9778
3/11/2013,0.9743
3/12/2013,0.9693
3/13/2013,0.9714
3/14/2013,0.9627
3/15/2013,0.9617
3/18/2013,0.9622
3/19/2013,0.965
3/20/2013,0.9626
3/21/2013,0.9579
3/22/2013,0.9572
3/25/2013,0.9568
3/26/2013,0.9538
3/27/2013,0.9583
3/28/2013,0.959
3/29/2013,0.9607
4/1/2013,0.9596
4/2/2013,0.9563
4/3/2013,0.9541
4/4/2013,0.9618
4/5/2013,0.9629
4/8/2013,0.9626
4/9/2013,0.9533
4/10/2013,0.9489
4/11/2013,0.9466
4/12/2013,0.9521
4/15/2013,0.9622
4/16/2013,0.9647
4/17/2013,0.9703
4/18/2013,0.9708
4/19/2013,0.9712
4/22/2013,0.9751
4/23/2013,0.9745
4/24/2013,0.975
4/25/2013,0.9701
4/26/2013,0.9732
4/29/2013,0.9664
4/30/2013,0.9641
5/1/2013,0.9723
5/2/2013,0.9747
5/3/2013,0.9696
5/6/2013,0.9758
5/7/2013,0.9841
5/8/2013,0.982
5/9/2013,0.9812
5/10/2013,1.0013
5/13/2013,1.0035
5/14/2013,1.0098
5/15/2013,1.0117
5/16/2013,1.0156
5/17/2013,1.027
5/20/2013,1.0217
5/21/2013,1.0204
5/22/2013,1.0324
5/23/2013,1.0247
5/24/2013,1.0336
5/28/2013,1.0371
5/29/2013,1.0382
5/30/2013,1.035
5/31/2013,1.0408
6/3/2013,1.0235
6/4/2013,1.0373
6/5/2013,1.049
6/6/2013,1.0425
6/7/2013,1.0533
6/10/2013,1.0561
6/11/2013,1.0615
6/12/2013,1.0512
6/13/2013,1.0416
6/14/2013,1.0431
6/17/2013,1.0481
6/18/2013,1.0534
6/19/2013,1.0487
6/20/2013,1.0884
6/21/2013,1.088
6/24/2013,1.0827
6/25/2013,1.0813
6/26/2013,1.0763
6/27/2013,1.0774
6/28/2013,1.0911
7/1/2013,1.0814
7/2/2013,1.0919
7/3/2013,1.1005
7/5/2013,1.1025
7/8/2013,1.0972
7/9/2013,1.0916
7/10/2013,1.0935
7/11/2013,1.093
7/12/2013,1.1051
7/15/2013,1.1006
7/16/2013,1.0839
7/17/2013,1.0859
7/18/2013,1.0927
7/19/2013,1.087
7/22/2013,1.0808
7/23/2013,1.08
7/24/2013,1.0886
7/25/2013,1.0879
7/26/2013,1.082
7/29/2013,1.0858
7/30/2013,1.1038
7/31/2013,1.1164
8/1/2013,1.1212
8/2/2013,1.1235
8/5/2013,1.1218
8/6/2013,1.1146
8/7/2013,1.1094
8/8/2013,1.0976
8/9/2013,1.0885
8/12/2013,1.0897
8/13/2013,1.0997
8/14/2013,1.0941
8/15/2013,1.0983
8/16/2013,1.0878
8/19/2013,1.0951
8/20/2013,1.0996
8/21/2013,1.1095
8/22/2013,1.1079
8/23/2013,1.1064
8/26/2013,1.1063
8/27/2013,1.1156
8/28/2013,1.1174
8/29/2013,1.1206
8/30/2013,1.1235
9/3/2013,1.1044
9/4/2013,1.0885
9/5/2013,1.0951
9/6/2013,1.0864
9/9/2013,1.0831
9/10/2013,1.0765
9/11/2013,1.0739
9/12/2013,1.0786
9/13/2013,1.0819
9/16/2013,1.0717
9/17/2013,1.0679
9/18/2013,1.0702
9/19/2013,1.0589
9/20/2013,1.0642
9/23/2013,1.0589
9/24/2013,1.0634
9/25/2013,1.0654
9/26/2013,1.0691
9/27/2013,1.0725
9/30/2013,1.0704
10/1/2013,1.0653
10/2/2013,1.0677
10/3/2013,1.0659
10/4/2013,1.059
10/7/2013,1.0598
10/8/2013,1.0583
10/9/2013,1.06
10/10/2013,1.0564
10/11/2013,1.0556
10/15/2013,1.0501
10/16/2013,1.0494
10/17/2013,1.0371
10/18/2013,1.034
10/21/2013,1.035
10/22/2013,1.0304
10/23/2013,1.0382
10/24/2013,1.0416
10/25/2013,1.0441
10/28/2013,1.045
10/29/2013,1.0529
10/30/2013,1.0536
10/31/2013,1.0559
11/1/2013,1.0595
11/4/2013,1.0515
11/5/2013,1.0541
11/6/2013,1.0506
11/7/2013,1.0561
11/8/2013,1.066
11/12/2013,1.0764
11/13/2013,1.0725
11/14/2013,1.0728
11/15/2013,1.0678
11/18/2013,1.0638
11/19/2013,1.0625
11/20/2013,1.0673
11/21/2013,1.0812
11/22/2013,1.0913
11/25/2013,1.0931
11/26/2013,1.0965
11/27/2013,1.1023
11/29/2013,1.0959
12/2/2013,1.0991
12/3/2013,1.0961
12/4/2013,1.11
12/5/2013,1.1027
12/6/2013,1.1
12/9/2013,1.1008
12/10/2013,1.0929
12/11/2013,1.103
12/12/2013,1.1204
12/13/2013,1.1159
12/16/2013,1.115
12/17/2013,1.1232
12/18/2013,1.1256
12/19/2013,1.1289
12/20/2013,1.1213
12/23/2013,1.1186
12/24/2013,1.1211
12/26/2013,1.1255
12/27/2013,1.1254
12/30/2013,1.1208
12/31/2013,1.1199
1/2/2014,1.1206
1/3/2014,1.1141
1/6/2014,1.1159
1/7/2014,1.1207
1/8/2014,1.1225
1/9/2014,1.1254
1/10/2014,1.113
1/13/2014,1.1046
1/14/2014,1.1136
1/15/2014,1.1204
1/16/2014,1.1361
1/17/2014,1.1392
1/21/2014,1.1362
1/22/2014,1.1313
1/23/2014,1.1397
1/24/2014,1.1474
1/27/2014,1.1448
1/28/2014,1.1403
1/29/2014,1.1412
1/30/2014,1.1401
1/31/2014,1.1438
2/3/2014,1.1393
2/4/2014,1.1192
2/5/2014,1.1222
2/6/2014,1.1152
2/7/2014,1.1162
2/10/2014,1.1181
2/11/2014,1.1056
2/12/2014,1.1077
2/13/2014,1.1137
2/14/2014,1.1083
2/18/2014,1.1063
2/19/2014,1.1078
2/20/2014,1.1135
2/21/2014,1.1159
2/24/2014,1.106
2/25/2014,1.108
2/26/2014,1.1158
2/27/2014,1.1161
2/28/2014,1.1194
3/3/2014,1.1199
3/4/2014,1.1186
3/5/2014,1.1131
3/6/2014,1.0989
3/7/2014,1.1024
3/10/2014,1.1085
3/11/2014,1.1086
3/12/2014,1.1146
3/13/2014,1.104
3/14/2014,1.1062
3/17/2014,1.0999
3/18/2014,1.0948
3/19/2014,1.0985
3/20/2014,1.106
3/21/2014,1.1001
3/24/2014,1.0958
3/25/2014,1.0933
3/26/2014,1.084
3/27/2014,1.0797
3/28/2014,1.0824
3/31/2014,1.0782
4/1/2014,1.0808
4/2/2014,1.0827
4/3/2014,1.0847
4/4/2014,1.0762
4/7/2014,1.0793
4/8/2014,1.0688
4/9/2014,1.0675
4/10/2014,1.0611
4/11/2014,1.0637
4/14/2014,1.0628
4/15/2014,1.0704
4/16/2014,1.0661
4/17/2014,1.0708
4/18/2014,1.0718
4/21/2014,1.071
4/22/2014,1.0678
4/23/2014,1.0772
4/24/2014,1.0803
4/25/2014,1.0785
4/28/2014,1.0806
4/29/2014,1.0792
4/30/2014,1.0774
5/1/2014,1.0782
5/2/2014,1.0803
5/5/2014,1.0781
5/6/2014,1.0684
5/7/2014,1.0711
5/8/2014,1.0659
5/9/2014,1.0686
5/12/2014,1.0679
5/13/2014,1.0673
5/14/2014,1.0662
5/15/2014,1.07
5/16/2014,1.0676
5/19/2014,1.0703
5/20/2014,1.08
5/21/2014,1.0852
5/22/2014,1.0844
5/23/2014,1.0828
5/27/2014,1.0823
5/28/2014,1.0838
5/29/2014,1.0765
5/30/2014,1.0755
6/2/2014,1.0811
6/3/2014,1.0805
6/4/2014,1.0789
6/5/2014,1.0728
6/6/2014,1.072
6/9/2014,1.0699
6/10/2014,1.0678
6/11/2014,1.0648
6/12/2014,1.0604
6/13/2014,1.0643
6/16/2014,1.0638
6/17/2014,1.0707
6/18/2014,1.0707
6/19/2014,1.0632
6/20/2014,1.0653
6/23/2014,1.0619
6/24/2014,1.0661
6/25/2014,1.0641
6/26/2014,1.0633
6/27/2014,1.0624
6/30/2014,1.0608
7/1/2014,1.054
7/2/2014,1.0589
7/3/2014,1.0686
7/7/2014,1.0671
7/8/2014,1.0638
7/9/2014,1.0643
7/10/2014,1.0653
7/11/2014,1.0658
7/14/2014,1.0647
7/15/2014,1.0677
7/16/2014,1.0681
7/17/2014,1.067
7/18/2014,1.0654
7/21/2014,1.0664
7/22/2014,1.0652
7/23/2014,1.0582
7/24/2014,1.0617
7/25/2014,1.0634
7/28/2014,1.0627
7/29/2014,1.0663
7/30/2014,1.0735
7/31/2014,1.0752
8/1/2014,1.0748
8/4/2014,1.072
8/5/2014,1.0752
8/6/2014,1.0722
8/7/2014,1.0772
8/8/2014,1.0779
8/11/2014,1.0796
8/12/2014,1.0787
8/13/2014,1.075
8/14/2014,1.0727
8/15/2014,1.0746
8/18/2014,1.0718
8/19/2014,1.074
8/20/2014,1.0746
8/21/2014,1.075
8/22/2014,1.0742
8/25/2014,1.0757
8/26/2014,1.073
8/27/2014,1.0712
8/28/2014,1.0693
8/29/2014,1.0702
9/2/2014,1.0781
9/3/2014,1.0705
9/4/2014,1.0683
9/5/2014,1.0666
9/8/2014,1.0753
9/9/2014,1.0861
9/10/2014,1.0925
9/11/2014,1.0971
9/12/2014,1.1053
9/15/2014,1.1078
9/16/2014,1.0994
9/17/2014,1.1077
9/18/2014,1.1131
9/19/2014,1.1192
9/22/2014,1.1266
9/23/2014,1.1296
9/24/2014,1.1274
9/25/2014,1.1369
9/26/2014,1.1414
9/29/2014,1.1444
9/30/2014,1.1446
10/1/2014,1.145
10/2/2014,1.1373
10/3/2014,1.1527
10/6/2014,1.1432
10/7/2014,1.1353
10/8/2014,1.1427
10/9/2014,1.1392
10/10/2014,1.1469
10/14/2014,1.1459
10/15/2014,1.1371
10/16/2014,1.1408
10/17/2014,1.1414
10/20/2014,1.1382
10/21/2014,1.1368
10/22/2014,1.1373
10/23/2014,1.1399
10/24/2014,1.1348
10/27/2014,1.1365
10/28/2014,1.1302
10/29/2014,1.1231
10/30/2014,1.1331
10/31/2014,1.1375
11/3/2014,1.1493
11/4/2014,1.1456
11/5/2014,1.1639
11/6/2014,1.1655
11/7/2014,1.1601
11/10/2014,1.1594
11/12/2014,1.1448
11/13/2014,1.1455
11/14/2014,1.1446
11/17/2014,1.1471
11/18/2014,1.146
11/19/2014,1.1597
11/20/2014,1.1614
11/21/2014,1.1529
11/24/2014,1.1608
11/25/2014,1.1737
11/26/2014,1.1718
11/28/2014,1.1732
12/1/2014,1.1736
12/2/2014,1.1825
12/3/2014,1.1881
12/4/2014,1.1898
12/5/2014,1.2005
12/8/2014,1.2054
12/9/2014,1.1989
12/10/2014,1.2041
12/11/2014,1.2099
12/12/2014,1.2095
12/15/2014,1.2148
12/16/2014,1.2165
12/17/2014,1.2235
12/18/2014,1.2243
12/19/2014,1.2303
12/22/2014,1.2284
12/23/2014,1.235
12/24/2014,1.2332
12/29/2014,1.2276
12/30/2014,1.2197
12/31/2014,1.2235
1/2/2015,1.2318
1/5/2015,1.2353
1/6/2015,1.2318
1/7/2015,1.2424
1/8/2015,1.2306
1/9/2015,1.2209
1/12/2015,1.2247
1/13/2015,1.2249
1/14/2015,1.225
1/15/2015,1.2177
1/16/2015,1.2204
1/20/2015,1.2229
1/21/2015,1.2344
1/22/2015,1.2347
1/23/2015,1.2602
1/26/2015,1.2604
1/27/2015,1.2596
1/28/2015,1.2542
1/29/2015,1.289
1/30/2015,1.2883
2/2/2015,1.2791
2/3/2015,1.2925
2/4/2015,1.2885
2/5/2015,1.2816
2/6/2015,1.2809
2/9/2015,1.2799
2/10/2015,1.2852
2/11/2015,1.2965
2/12/2015,1.2882
2/13/2015,1.2867
2/17/2015,1.2794
2/18/2015,1.2857
2/19/2015,1.2804
2/20/2015,1.2767
2/23/2015,1.2809
2/24/2015,1.2807
2/25/2015,1.2661
2/26/2015,1.2794
2/27/2015,1.2804
3/2/2015,1.2853
3/3/2015,1.2755
3/4/2015,1.2786
3/5/2015,1.2882
3/6/2015,1.2967
3/9/2015,1.296
3/10/2015,1.3094
3/11/2015,1.3189
3/12/2015,1.2979
3/13/2015,1.3104
3/16/2015,1.3062
3/17/2015,1.3132
3/18/2015,1.3067
3/19/2015,1.3127
3/20/2015,1.2888
3/23/2015,1.2742
3/24/2015,1.2708
3/25/2015,1.2729
3/26/2015,1.2762
3/27/2015,1.2897
3/30/2015,1.308
3/31/2015,1.3115
4/1/2015,1.3132
4/2/2015,1.3217
4/3/2015,1.308
4/6/2015,1.306
4/7/2015,1.3079
4/8/2015,1.2962
4/9/2015,1.2977
4/10/2015,1.3031
4/13/2015,1.3194
4/14/2015,1.3092
4/15/2015,1.3141
4/16/2015,1.2827
4/17/2015,1.286
4/20/2015,1.2942
4/21/2015,1.2918
4/22/2015,1.2868
4/23/2015,1.285
4/24/2015,1.278
4/27/2015,1.2724
4/28/2015,1.2473
4/29/2015,1.2399
4/30/2015,1.2711
5/1/2015,1.2799
5/4/2015,1.2757
5/5/2015,1.2593
5/6/2015,1.2492
5/7/2015,1.2636
5/8/2015,1.2636
5/11/2015,1.266
5/12/2015,1.2517
5/13/2015,1.2318
5/14/2015,1.2373
5/15/2015,1.2418
5/18/2015,1.2498
5/19/2015,1.2629
5/20/2015,1.2695
5/21/2015,1.2677
5/22/2015,1.2775
5/26/2015,1.2923
5/27/2015,1.2967
5/28/2015,1.3104
5/29/2015,1.3057
6/1/2015,1.3135
6/2/2015,1.2907
6/3/2015,1.2816
6/4/2015,1.3033
6/5/2015,1.312
6/8/2015,1.3072
6/9/2015,1.3012
6/10/2015,1.2905
6/11/2015,1.2943
6/12/2015,1.2917
6/15/2015,1.2875
6/16/2015,1.2898
6/17/2015,1.3043
6/18/2015,1.277
6/19/2015,1.289
6/22/2015,1.2912
6/23/2015,1.2922
6/24/2015,1.3006
6/25/2015,1.2918
6/26/2015,1.3072
6/29/2015,1.3026
6/30/2015,1.298
7/1/2015,1.3048
7/2/2015,1.3106
7/6/2015,1.3296
7/7/2015,1.345
7/8/2015,1.3432
7/9/2015,1.3444
7/10/2015,1.3464
7/13/2015,1.3501
7/14/2015,1.3423
7/15/2015,1.3576
7/16/2015,1.3459
7/17/2015,1.3567
7/20/2015,1.355
7/21/2015,1.3461
7/22/2015,1.3572
7/23/2015,1.3559
7/24/2015,1.3738
7/27/2015,1.3691
7/28/2015,1.3652
7/29/2015,1.3686
7/30/2015,1.374
7/31/2015,1.3639
8/3/2015,1.3742
8/4/2015,1.3479
8/5/2015,1.3613
8/6/2015,1.3618
8/7/2015,1.3526
8/10/2015,1.3506
8/11/2015,1.3721
8/12/2015,1.3559
8/13/2015,1.3585
8/14/2015,1.3557
8/17/2015,1.3539
8/18/2015,1.3635
8/19/2015,1.3669
8/20/2015,1.3592
8/21/2015,1.3618
8/24/2015,1.3885
8/25/2015,1.3922
8/26/2015,1.411
8/27/2015,1.393
8/28/2015,1.4027
8/31/2015,1.4085
9/1/2015,1.4213
9/2/2015,1.4263
9/3/2015,1.4235
9/4/2015,1.4457
9/8/2015,1.4239
9/9/2015,1.4237
9/10/2015,1.4112
9/11/2015,1.4136
9/14/2015,1.4011
9/15/2015,1.41
9/16/2015,1.3916
9/17/2015,1.3992
9/18/2015,1.3847
9/21/2015,1.4035
9/22/2015,1.4128
9/23/2015,1.4278
9/24/2015,1.429
9/25/2015,1.4257
9/28/2015,1.4276
9/29/2015,1.4271
9/30/2015,1.4245
10/1/2015,1.4196
10/2/2015,1.4235
10/5/2015,1.4108
10/6/2015,1.4
10/7/2015,1.3864
10/8/2015,1.3841
10/9/2015,1.3646
10/13/2015,1.3731
10/14/2015,1.3782
10/15/2015,1.3669
10/16/2015,1.3772
10/19/2015,1.3785
10/20/2015,1.3782
10/21/2015,1.3839
10/22/2015,1.385
10/23/2015,1.386
10/26/2015,1.377
10/27/2015,1.3826
10/28/2015,1.4
10/29/2015,1.4122
10/30/2015,1.4019
11/2/2015,1.4004
11/3/2015,1.3941
11/4/2015,1.399
11/5/2015,1.399
11/6/2015,1.4217
11/9/2015,1.4192
11/10/2015,1.4225
11/12/2015,1.4053
11/13/2015,1.4049
11/16/2015,1.4114
11/17/2015,1.4055
11/18/2015,1.4128
11/19/2015,1.3873
11/20/2015,1.3826
11/23/2015,1.3912
11/24/2015,1.381
11/25/2015,1.3801
11/27/2015,1.3904
11/30/2015,1.3822
12/1/2015,1.3661
12/2/2015,1.3682
12/3/2015,1.368
12/4/2015,1.3613
12/7/2015,1.3759
12/8/2015,1.3868
12/9/2015,1.3881
12/10/2015,1.3701
12/11/2015,1.3862
12/14/2015,1.3778
12/15/2015,1.3935
12/16/2015,1.3875
12/17/2015,1.4085
12/18/2015,1.3895
12/21/2015,1.3943
12/22/2015,1.3829
12/23/2015,1.3848
12/24/2015,1.3757
12/28/2015,1.377
12/29/2015,1.3712
12/30/2015,1.3729
12/31/2015,1.3725
1/4/2016,1.3955
1/5/2016,1.3984
1/6/2016,1.4144
1/7/2016,1.4235
1/8/2016,1.4335
1/11/2016,1.4302
1/12/2016,1.4337
1/13/2016,1.4294
1/14/2016,1.4327
1/15/2016,1.4569
1/19/2016,1.4432
1/20/2016,1.4588
1/21/2016,1.428
1/22/2016,1.4257
1/25/2016,1.4347
1/26/2016,1.4276
1/27/2016,1.4136
1/28/2016,1.4114
1/29/2016,1.4142
2/1/2016,1.4116
2/2/2016,1.4168
2/3/2016,1.4017
2/4/2016,1.3858
2/5/2016,1.4116
2/8/2016,1.4079
2/9/2016,1.4154
2/10/2016,1.4106
2/11/2016,1.4092
2/12/2016,1.4088
2/16/2016,1.4079
2/17/2016,1.3951
2/18/2016,1.3986
2/19/2016,1.4035
2/22/2016,1.3816
2/23/2016,1.3872
2/24/2016,1.3933
2/25/2016,1.3873
2/26/2016,1.4025
2/29/2016,1.3982
3/1/2016,1.3943
3/2/2016,1.3759
3/3/2016,1.3587
3/4/2016,1.3468
3/7/2016,1.3392
3/8/2016,1.3421
3/9/2016,1.3284
3/10/2016,1.3434
3/11/2016,1.3207
3/14/2016,1.3307
3/15/2016,1.3396
3/16/2016,1.345
3/17/2016,1.3094
3/18/2016,1.3127
3/21/2016,1.3168
3/22/2016,1.3115
3/23/2016,1.3275
3/24/2016,1.3305
3/25/2016,1.3301
3/28/2016,1.3247
3/29/2016,1.3215
3/30/2016,1.3043
3/31/2016,1.3026
4/1/2016,1.3034
4/4/2016,1.3134
4/5/2016,1.33
4/6/2016,1.3135
4/7/2016,1.3326
4/8/2016,1.3238
4/11/2016,1.316
4/12/2016,1.3057
4/13/2016,1.3074
4/14/2016,1.2979
4/15/2016,1.2958
4/18/2016,1.291
4/19/2016,1.2811
4/20/2016,1.2793
4/21/2016,1.289
4/22/2016,1.2965
4/25/2016,1.2958
4/26/2016,1.2918
4/27/2016,1.3168
4/28/2016,1.3098
4/29/2016,1.3137
5/2/2016,1.3087
5/3/2016,1.3348
5/4/2016,1.3416
5/5/2016,1.3396
5/6/2016,1.3591
5/9/2016,1.3656
5/10/2016,1.3604
5/11/2016,1.3517
5/12/2016,1.3672
5/13/2016,1.3749
5/16/2016,1.3699
5/17/2016,1.3602
5/18/2016,1.3727
5/19/2016,1.3864
5/20/2016,1.386
5/23/2016,1.3883
5/24/2016,1.392
5/25/2016,1.3916
5/26/2016,1.3837
5/27/2016,1.3879
5/31/2016,1.3808
6/1/2016,1.3808
6/2/2016,1.3841
6/3/2016,1.3626
6/6/2016,1.3583
6/7/2016,1.3419
6/8/2016,1.3371
6/9/2016,1.3457
6/10/2016,1.3523
6/13/2016,1.3524
6/14/2016,1.3587
6/15/2016,1.3506
6/16/2016,1.3676
6/17/2016,1.3541
6/20/2016,1.3408
6/21/2016,1.3403
6/22/2016,1.3349
6/23/2016,1.3161
6/24/2016,1.3421
6/27/2016,1.3592
6/28/2016,1.36
6/29/2016,1.3434
6/30/2016,1.3455
7/1/2016,1.336
7/5/2016,1.3412
7/6/2016,1.3314
7/7/2016,1.3355
7/8/2016,1.3229
7/11/2016,1.3273
7/12/2016,1.3104
7/13/2016,1.3116
7/14/2016,1.3103
7/15/2016,1.318
7/18/2016,1.3163
7/19/2016,1.334
7/20/2016,1.3358
7/21/2016,1.3339
7/22/2016,1.3417
7/25/2016,1.3408
7/26/2016,1.3305
7/27/2016,1.3405
7/28/2016,1.3314
7/29/2016,1.316
8/1/2016,1.3215
8/2/2016,1.3139
8/3/2016,1.3172
8/4/2016,1.3094
8/5/2016,1.3132
8/8/2016,1.3062
8/9/2016,1.3026
8/10/2016,1.2958
8/11/2016,1.297
8/12/2016,1.304
8/15/2016,1.3009
8/16/2016,1.2992
8/17/2016,1.3125
8/18/2016,1.3014
8/19/2016,1.3123
8/22/2016,1.3108
8/23/2016,1.3103
8/24/2016,1.3149
8/25/2016,1.3139
8/26/2016,1.3134
8/29/2016,1.32
8/30/2016,1.3305
8/31/2016,1.33
9/1/2016,1.3259
9/2/2016,1.3233
9/6/2016,1.3031
9/7/2016,1.3029
9/8/2016,1.3045
9/9/2016,1.3247
9/12/2016,1.3287
9/13/2016,1.3387
9/14/2016,1.336
9/15/2016,1.3312
9/16/2016,1.3353
9/19/2016,1.3228
9/20/2016,1.3242
9/21/2016,1.3177
9/22/2016,1.3082
9/23/2016,1.3122
9/26/2016,1.3086
9/27/2016,1.3058
9/28/2016,1.3057
9/29/2016,1.3028
9/30/2016,1.3043
10/3/2016,1.3048
10/4/2016,1.3082
10/5/2016,1.3127
10/6/2016,1.3193
10/7/2016,1.3235
10/11/2016,1.3254
10/12/2016,1.324
10/13/2016,1.3231
10/14/2016,1.3141
10/17/2016,1.3113
10/18/2016,1.3023
10/19/2016,1.2962
10/20/2016,1.3089
10/21/2016,1.3163
10/24/2016,1.3153
10/25/2016,1.3068
10/26/2016,1.306
10/27/2016,1.3148
10/28/2016,1.3196
10/31/2016,1.3139
11/1/2016,1.3057
11/2/2016,1.3043
11/3/2016,1.3019
11/4/2016,1.304
11/7/2016,1.2987
11/8/2016,1.2932
11/9/2016,1.3031
11/10/2016,1.3175
11/14/2016,1.3277
11/15/2016,1.3263
11/16/2016,1.3348
11/17/2016,1.3414
11/18/2016,1.3615
11/21/2016,1.3592
11/22/2016,1.3535
11/23/2016,1.353
11/25/2016,1.3468
11/28/2016,1.3373
11/29/2016,1.3389
11/30/2016,1.3537
12/1/2016,1.3493
12/2/2016,1.3432
12/5/2016,1.3376
12/6/2016,1.3416
12/7/2016,1.3371
12/8/2016,1.3426
12/9/2016,1.3437
12/12/2016,1.3358
12/13/2016,1.3344
12/14/2016,1.3312
12/15/2016,1.3618
12/16/2016,1.3702
12/19/2016,1.3767
12/20/2016,1.3789
12/21/2016,1.3805
12/22/2016,1.3858
12/23/2016,1.3939
12/27/2016,1.391
12/28/2016,1.3918
12/29/2016,1.385
12/30/2016,1.3831
1/3/2017,1.3829
1/4/2017,1.3755
1/5/2017,1.3635
1/6/2017,1.3689
1/9/2017,1.358
1/10/2017,1.3569
1/11/2017,1.3514
1/12/2017,1.3319
1/13/2017,1.3367
1/17/2017,1.3263
1/18/2017,1.324
1/19/2017,1.3254
1/23/2017,1.3221
1/24/2017,1.3186
1/25/2017,1.3219
1/26/2017,1.3278
1/27/2017,1.3247
1/30/2017,1.3235
1/31/2017,1.3189
2/1/2017,1.3221
2/2/2017,1.3033
2/3/2017,1.3011
2/6/2017,1.3087
2/7/2017,1.3096
2/8/2017,1.3075
2/9/2017,1.3118
2/10/2017,1.3011
2/13/2017,1.3082
2/14/2017,1.3092
2/15/2017,1.299
2/16/2017,1.2997
2/17/2017,1.306
2/21/2017,1.3034
2/22/2017,1.3016
2/23/2017,1.296
2/24/2017,1.3019
2/27/2017,1.2999
2/28/2017,1.3011
3/1/2017,1.3048
3/2/2017,1.3196
3/3/2017,1.3229
3/6/2017,1.3187
3/7/2017,1.3153
3/8/2017,1.3256
3/9/2017,1.3303
3/10/2017,1.3278
3/13/2017,1.3191
3/14/2017,1.3201
3/15/2017,1.317
3/16/2017,1.3033
3/17/2017,1.3004
3/20/2017,1.2932
3/21/2017,1.2958
3/22/2017,1.3031
3/23/2017,1.3082
3/24/2017,1.3125
3/27/2017,1.3118
3/28/2017,1.307
3/29/2017,1.3055
3/30/2017,1.3045
3/31/2017,1.3092
4/3/2017,1.3156
4/4/2017,1.3215
4/5/2017,1.3201
4/6/2017,1.3247
4/7/2017,1.3305
4/10/2017,1.3333
4/11/2017,1.3339
4/12/2017,1.336
4/13/2017,1.3184
4/14/2017,1.3201
4/17/2017,1.3151
4/18/2017,1.324
4/19/2017,1.3333
4/20/2017,1.3263
4/21/2017,1.3264
4/24/2017,1.3231
4/25/2017,1.3266
4/26/2017,1.3401
4/27/2017,1.3419
4/28/2017,1.3378
5/1/2017,1.3273
5/2/2017,1.3293
5/3/2017,1.3421
5/4/2017,1.3508
5/5/2017,1.3488
5/8/2017,1.3539
5/9/2017,1.3602
5/10/2017,1.3545
5/11/2017,1.3561
5/12/2017,1.3519
5/15/2017,1.3468
5/16/2017,1.3461
5/17/2017,1.3466
5/18/2017,1.3455
5/19/2017,1.3425
5/22/2017,1.3376
5/23/2017,1.336
5/24/2017,1.3399
5/25/2017,1.3394
5/26/2017,1.3441
5/30/2017,1.3396
5/31/2017,1.3446
6/1/2017,1.3537
6/2/2017,1.3439
6/5/2017,1.3371
6/6/2017,1.3308
6/7/2017,1.3245
6/8/2017,1.3257
6/9/2017,1.3277
6/12/2017,1.3264
6/13/2017,1.3263
6/14/2017,1.3125
6/15/2017,1.3189
6/16/2017,1.312
6/19/2017,1.3149
6/20/2017,1.3201
6/21/2017,1.3247
6/22/2017,1.3259
6/23/2017,1.3196
6/26/2017,1.3175
6/27/2017,1.3179
6/28/2017,1.3092
6/29/2017,1.3021
6/30/2017,1.3028
7/3/2017,1.3068
7/5/2017,1.3179
7/6/2017,1.3186
7/7/2017,1.316
7/10/2017,1.316
7/11/2017,1.3134
7/12/2017,1.3033
7/13/2017,1.294
7/14/2017,1.2799
7/17/2017,1.2802
7/18/2017,1.2621
7/19/2017,1.2585
7/20/2017,1.2566
7/21/2017,1.2641
7/24/2017,1.2617
7/25/2017,1.258
7/26/2017,1.2623
7/27/2017,1.256
7/28/2017,1.2514
7/31/2017,1.2519
8/1/2017,1.2541
8/2/2017,1.2527
8/3/2017,1.2587
8/4/2017,1.262
8/7/2017,1.265
8/8/2017,1.265
8/9/2017,1.2703
8/10/2017,1.2677
8/11/2017,1.269
8/14/2017,1.2716
8/15/2017,1.2784
8/16/2017,1.2687
8/17/2017,1.2629
8/18/2017,1.2606
8/21/2017,1.2601
8/22/2017,1.2637
8/23/2017,1.2669
8/24/2017,1.265
8/25/2017,1.2612
8/28/2017,1.2569
8/29/2017,1.2542
8/30/2017,1.265
8/31/2017,1.2607
9/1/2017,1.2531
9/5/2017,1.2484
9/6/2017,1.2475
9/7/2017,1.2441
9/8/2017,1.239
9/11/2017,1.2463
9/12/2017,1.2435
9/13/2017,1.252
9/14/2017,1.2531
9/15/2017,1.2489
9/18/2017,1.2553
9/19/2017,1.2478
9/20/2017,1.2392
9/21/2017,1.2594
9/22/2017,1.2539
9/25/2017,1.2599
9/26/2017,1.269
9/27/2017,1.2713
9/28/2017,1.277
9/29/2017,1.2755
10/2/2017,1.278
10/3/2017,1.2775
10/4/2017,1.2729
10/5/2017,1.2821
10/6/2017,1.2878
10/10/2017,1.284
10/11/2017,1.2852
10/12/2017,1.2776
10/13/2017,1.2682
10/16/2017,1.2724
10/17/2017,1.2767
10/18/2017,1.2758
10/19/2017,1.2694
10/20/2017,1.2801
10/23/2017,1.2809
10/24/2017,1.2853
10/25/2017,1.2997
10/26/2017,1.3007
10/27/2017,1.3055
10/30/2017,1.3024
10/31/2017,1.3041
11/1/2017,1.3028
11/2/2017,1.295
11/3/2017,1.3072
11/6/2017,1.3033
11/7/2017,1.3094
11/8/2017,1.3026
11/9/2017,1.3041
11/13/2017,1.312
11/14/2017,1.311
11/15/2017,1.32
11/16/2017,1.3175
11/17/2017,1.3222
11/20/2017,1.3243
11/21/2017,1.3189
11/22/2017,1.3173
11/24/2017,1.3125
11/27/2017,1.3149
11/28/2017,1.3129
11/29/2017,1.3207
11/30/2017,1.3207
12/1/2017,1.3116
12/4/2017,1.3161
12/5/2017,1.3148
12/6/2017,1.3219
12/7/2017,1.3287
12/8/2017,1.3321
12/11/2017,1.3263
12/12/2017,1.3245
12/13/2017,1.3149
12/14/2017,1.3034
12/15/2017,1.3079
12/18/2017,1.3029
12/19/2017,1.3068
12/20/2017,1.3033
12/21/2017,1.2982
12/22/2017,1.2965
12/26/2017,1.294
12/27/2017,1.2867
12/28/2017,1.2832
12/29/2017,1.2796
1/2/2018,1.2781
1/3/2018,1.2755
1/4/2018,1.2729
1/5/2018,1.2724
1/8/2018,1.2758
1/9/2018,1.2784
1/10/2018,1.2753
1/11/2018,1.2682
1/12/2018,1.2681
1/16/2018,1.2566
1/17/2018,1.2528
1/18/2018,1.2511
1/19/2018,1.2498
1/22/2018,1.2494
1/23/2018,1.2525
1/24/2018,1.2398
1/25/2018,1.2362
1/26/2018,1.2338
1/29/2018,1.2362
1/30/2018,1.2382
1/31/2018,1.2393
2/1/2018,1.2456
2/2/2018,1.2612
2/5/2018,1.2617
2/6/2018,1.2695
2/7/2018,1.2752
2/8/2018,1.2839
2/9/2018,1.2806
2/12/2018,1.2762
2/13/2018,1.2728
2/14/2018,1.2702
2/15/2018,1.2639
2/16/2018,1.2618
2/20/2018,1.2653
2/21/2018,1.2767
2/22/2018,1.2739
2/23/2018,1.2776
2/26/2018,1.275
2/27/2018,1.2814
2/28/2018,1.2819
3/1/2018,1.2883
3/2/2018,1.2897
3/5/2018,1.2888
3/6/2018,1.2784
3/7/2018,1.2827
3/8/2018,1.2842
3/9/2018,1.274
3/12/2018,1.2716
3/13/2018,1.2689
3/14/2018,1.2695
3/15/2018,1.2794
3/16/2018,1.2932
3/19/2018,1.2979
3/20/2018,1.3002
3/21/2018,1.2974
3/22/2018,1.2994
3/23/2018,1.2952
3/26/2018,1.2942
3/27/2018,1.2958
3/28/2018,1.3019
3/29/2018,1.3034
3/30/2018,1.3004
4/2/2018,1.3058
4/3/2018,1.3031
4/4/2018,1.2985
4/5/2018,1.3007
4/6/2018,1.3014
4/9/2018,1.2974
4/10/2018,1.2883
4/11/2018,1.2878
4/12/2018,1.2892
4/13/2018,1.2873
4/16/2018,1.2858
4/17/2018,1.2873
4/18/2018,1.2847
4/19/2018,1.2902
4/20/2018,1.3036
4/23/2018,1.3134
4/24/2018,1.3161
4/25/2018,1.3229
4/26/2018,1.3228
4/27/2018,1.3217
4/30/2018,1.3257
5/1/2018,1.3355
5/2/2018,1.3332
5/3/2018,1.331
5/4/2018,1.3273
5/7/2018,1.3287
5/8/2018,1.3432
5/9/2018,1.3412
5/10/2018,1.3307
5/11/2018,1.3256
5/14/2018,1.3238
5/15/2018,1.3374
5/16/2018,1.3326
5/17/2018,1.3319
5/18/2018,1.3314
5/21/2018,1.3219
5/22/2018,1.3167
5/23/2018,1.3273
5/24/2018,1.3215
5/25/2018,1.3231
5/29/2018,1.3308
5/30/2018,1.3203
5/31/2018,1.321
6/1/2018,1.3217
6/4/2018,1.3075
6/5/2018,1.3148
6/6/2018,1.3026
6/7/2018,1.3106
6/8/2018,1.3156
6/11/2018,1.313
6/12/2018,1.3146
6/13/2018,1.3151
6/14/2018,1.3308
6/15/2018,1.3414
6/18/2018,1.3479
6/19/2018,1.3539
6/20/2018,1.3537
6/21/2018,1.3561
6/22/2018,1.347
6/25/2018,1.3503
6/26/2018,1.351
6/27/2018,1.3563
6/28/2018,1.3596
6/29/2018,1.3515
7/2/2018,1.3657
7/3/2018,1.3541
7/5/2018,1.3535
7/6/2018,1.3475
7/9/2018,1.3394
7/10/2018,1.3398
7/11/2018,1.3514
7/12/2018,1.3481
7/13/2018,1.3495
7/16/2018,1.3484
7/17/2018,1.3528
7/18/2018,1.3528
7/19/2018,1.3639
7/20/2018,1.3495
7/23/2018,1.3545
7/24/2018,1.3484
7/25/2018,1.3492
7/26/2018,1.3543
7/27/2018,1.3495
7/30/2018,1.3499
7/31/2018,1.3444
8/1/2018,1.351
8/2/2018,1.3552
8/3/2018,1.3503
8/6/2018,1.3526
8/7/2018,1.3463
8/8/2018,1.3477
8/9/2018,1.3524
8/10/2018,1.3702
8/13/2018,1.3755
8/14/2018,1.3812
8/15/2018,1.3826
8/16/2018,1.3744
8/17/2018,1.3732
8/20/2018,1.3684
8/21/2018,1.3602
8/22/2018,1.3602
8/23/2018,1.3767
8/24/2018,1.3639
8/27/2018,1.3613
8/28/2018,1.3602
8/29/2018,1.3714
8/30/2018,1.377
8/31/2018,1.3904
9/4/2018,1.3939
9/5/2018,1.391
9/6/2018,1.3893
9/7/2018,1.4015
9/10/2018,1.4049
9/11/2018,1.4071
9/12/2018,1.3965
9/13/2018,1.3904
9/14/2018,1.3931
9/17/2018,1.3916
9/18/2018,1.385
9/19/2018,1.3749
9/20/2018,1.3744
9/21/2018,1.374
9/24/2018,1.3768
9/25/2018,1.3791
9/26/2018,1.3774
9/27/2018,1.3854
9/28/2018,1.3816
10/1/2018,1.3845
10/2/2018,1.3891
10/3/2018,1.401
10/4/2018,1.4128
10/5/2018,1.4188
10/9/2018,1.41
10/10/2018,1.4085
10/11/2018,1.4061
10/12/2018,1.4053
10/15/2018,1.4002
10/16/2018,1.4006
10/17/2018,1.4025
10/18/2018,1.4049
10/19/2018,1.4021
10/22/2018,1.4112
10/23/2018,1.4136
10/24/2018,1.414
10/25/2018,1.4116
10/26/2018,1.4108
10/29/2018,1.4136
10/30/2018,1.4061
10/31/2018,1.4104
11/1/2018,1.391
11/2/2018,1.3891
11/5/2018,1.3893
11/6/2018,1.3848
11/7/2018,1.3732
11/8/2018,1.3725
11/9/2018,1.3839
11/13/2018,1.385
11/14/2018,1.3852
11/15/2018,1.3757
11/16/2018,1.3676
11/19/2018,1.3716
11/20/2018,1.3801
11/21/2018,1.3761
11/23/2018,1.3841
11/26/2018,1.3831
11/27/2018,1.3877
11/28/2018,1.3826
11/29/2018,1.3672
11/30/2018,1.3678
12/3/2018,1.3587
12/4/2018,1.36
12/6/2018,1.3858
12/7/2018,1.387
12/10/2018,1.3908
12/11/2018,1.3881
12/12/2018,1.3845
12/13/2018,1.3835
12/14/2018,1.3935
12/17/2018,1.3924
12/18/2018,1.3943
12/19/2018,1.3943
12/20/2018,1.4077
12/21/2018,1.414
12/26/2018,1.4144
12/27/2018,1.4245
12/28/2018,1.4196
12/31/2018,1.4192
1/2/2019,1.4286
1/3/2019,1.4257
1/4/2019,1.4069
1/7/2019,1.4
1/8/2019,1.4017
1/9/2019,1.3943
1/10/2019,1.3908
1/11/2019,1.3881
1/15/2019,1.3904
1/16/2019,1.392
1/17/2019,1.3945
1/18/2019,1.3943
1/22/2019,1.4019
1/23/2019,1.4019
1/24/2019,1.4092
1/25/2019,1.3943
1/28/2019,1.3955
1/29/2019,1.3988
1/30/2019,1.3897
1/31/2019,1.3732
2/1/2019,1.3774
2/4/2019,1.3854
2/5/2019,1.3824
2/6/2019,1.4029
2/7/2019,1.4098
2/8/2019,1.4104
2/11/2019,1.4154
2/12/2019,1.4096
2/13/2019,1.4059
2/14/2019,1.4102
2/15/2019,1.4041
2/19/2019,1.3994
2/21/2019,1.4124
2/22/2019,1.401
2/25/2019,1.3949
2/26/2019,1.3924
2/27/2019,1.4017
2/28/2019,1.4086
3/1/2019,1.4124
3/4/2019,1.4116
3/5/2019,1.4138
3/6/2019,1.4239
3/7/2019,1.4221
3/8/2019,1.4188
3/11/2019,1.4172
3/12/2019,1.412
3/13/2019,1.411
3/14/2019,1.4162
3/15/2019,1.4106
3/18/2019,1.4085
3/19/2019,1.4081
3/20/2019,1.4108
3/21/2019,1.4065
3/22/2019,1.4102
3/25/2019,1.4057
3/26/2019,1.4006
3/27/2019,1.4144
3/28/2019,1.4126
3/29/2019,1.4077
4/1/2019,1.4051
4/2/2019,1.4168
4/3/2019,1.4037
4/4/2019,1.4061
4/5/2019,1.4086
4/8/2019,1.4037
4/9/2019,1.4027
4/10/2019,1.397
4/11/2019,1.4029
4/12/2019,1.3935
4/15/2019,1.3931
4/16/2019,1.3939
4/17/2019,1.3951
4/18/2019,1.3986
4/19/2019,1.3986
4/22/2019,1.4017
4/23/2019,1.4092
4/24/2019,1.4233
4/25/2019,1.4265
4/26/2019,1.4196
4/29/2019,1.4176
4/30/2019,1.4205
5/1/2019,1.4209
5/2/2019,1.4282
5/3/2019,1.4249
5/6/2019,1.4296
5/7/2019,1.4278
5/8/2019,1.4278
5/9/2019,1.4335
5/10/2019,1.429
5/13/2019,1.4393
5/14/2019,1.4397
5/15/2019,1.443
5/16/2019,1.4482
5/17/2019,1.4548
5/20/2019,1.4465
5/21/2019,1.4543
5/22/2019,1.4535
5/23/2019,1.4501
5/24/2019,1.4463
5/28/2019,1.443
5/29/2019,1.4468
5/30/2019,1.4472
5/31/2019,1.443
6/3/2019,1.4378
6/4/2019,1.4312
6/5/2019,1.4339
6/6/2019,1.4318
6/7/2019,1.4282
6/10/2019,1.436
6/11/2019,1.4376
6/12/2019,1.4405
6/13/2019,1.4472
6/14/2019,1.4552
6/17/2019,1.4577
6/18/2019,1.4552
6/19/2019,1.4556
6/20/2019,1.4457
6/21/2019,1.4451
6/24/2019,1.436
6/25/2019,1.4337
6/26/2019,1.4306
6/27/2019,1.429
6/28/2019,1.4267
7/1/2019,1.4362
7/2/2019,1.4302
7/3/2019,1.4219
7/5/2019,1.4351
7/8/2019,1.4351
7/9/2019,1.4436
7/10/2019,1.436
7/11/2019,1.4323
7/12/2019,1.4271
7/15/2019,1.4213
7/16/2019,1.4245
7/17/2019,1.4243
7/18/2019,1.4198
7/19/2019,1.4201
7/22/2019,1.4201
7/23/2019,1.4288
7/24/2019,1.4331
7/25/2019,1.438
7/26/2019,1.4476
7/29/2019,1.4476
7/30/2019,1.4552
7/31/2019,1.4518
8/1/2019,1.4582
8/2/2019,1.4693
8/5/2019,1.4749
8/6/2019,1.4771
8/7/2019,1.4806
8/8/2019,1.468
8/9/2019,1.4715
8/12/2019,1.4802
8/13/2019,1.471
8/14/2019,1.4832
8/15/2019,1.4741
8/16/2019,1.4745
8/19/2019,1.4767
8/20/2019,1.4756
8/21/2019,1.4723
8/22/2019,1.4784
8/23/2019,1.4817
8/26/2019,1.4745
8/27/2019,1.4797
8/28/2019,1.4824
8/29/2019,1.485
8/30/2019,1.4859
9/3/2019,1.4797
9/4/2019,1.4715
9/5/2019,1.4663
9/6/2019,1.4586
9/9/2019,1.4548
9/10/2019,1.456
9/11/2019,1.4582
9/12/2019,1.4554
9/13/2019,1.4522
9/16/2019,1.4567
9/17/2019,1.4582
9/18/2019,1.4611
9/19/2019,1.4717
9/20/2019,1.4771
9/23/2019,1.4767
9/24/2019,1.4721
9/25/2019,1.4815
9/26/2019,1.4806
9/27/2019,1.4784
9/30/2019,1.4824
10/1/2019,1.4919
10/2/2019,1.493
10/3/2019,1.4813
10/4/2019,1.4784
10/7/2019,1.4832
10/8/2019,1.4865
10/9/2019,1.4859
10/10/2019,1.4771
10/11/2019,1.4697
10/15/2019,1.4799
10/16/2019,1.4804
10/17/2019,1.465
10/18/2019,1.4607
10/21/2019,1.4562
10/22/2019,1.4571
10/23/2019,1.4605
10/24/2019,1.4669
10/25/2019,1.4643
10/28/2019,1.4622
10/29/2019,1.4573
10/30/2019,1.4552
10/31/2019,1.4518
11/1/2019,1.4463
11/4/2019,1.4497
11/5/2019,1.451
11/6/2019,1.4533
11/7/2019,1.4503
11/8/2019,1.459
11/12/2019,1.4607
11/13/2019,1.4639
11/14/2019,1.4749
11/15/2019,1.4684
11/18/2019,1.4663
11/19/2019,1.465
11/20/2019,1.4712
11/21/2019,1.4721
11/22/2019,1.4741
11/25/2019,1.4771
11/26/2019,1.4734
11/27/2019,1.4749
11/29/2019,1.4789
12/2/2019,1.4665
12/3/2019,1.4618
12/4/2019,1.4596
12/5/2019,1.4633
12/6/2019,1.4628
12/9/2019,1.4637
12/10/2019,1.4676
12/11/2019,1.4569
12/12/2019,1.4501
12/13/2019,1.4554
12/16/2019,1.452
12/17/2019,1.4605
12/18/2019,1.459
12/19/2019,1.452
12/20/2019,1.4489
12/23/2019,1.4457
12/24/2019,1.4445
12/26/2019,1.4411
12/27/2019,1.4331
12/30/2019,1.4278
12/31/2019,1.4225
,
,
,
,
,
,
,
,
,
,
,
,
,
,
,
,
,
,
,
,
,
,
,
,
,
,
,
,
,
,
,
,
,
,
,
,
,
,
,
,
,
,
,
,
,
,
,
,
,
,
,
,
,
,
,
,
,
,
,
,
,
,
,
,
,
,
,
,
,
,
,
,
,
,
,
,
,
,
,
,
,
,
,
,
,
,
,
,
,
,
,
,
,
,
,
,
,
,
,
,
,
,
,
,
,
,
,
,
,
,
,
,
,
,
,
,
,
,
,
,
,
,
,
,
,
,
,
,
,
,
,
,
,
,
,
,
,
,
,
,
,
,
,
,
,
,
,
,
,
,
,
,
,
,
,
,
,
,
,
,
,
,
,
,
,
,
,
,
,
,
,
,
,
,
,
,
,
,
,
,
,
,
,
,
,
,
,
,
,
,
,
