date,sales
2014-01-01,120
2014-01-02,122
2014-01-03,132
2014-01-04,136
2014-01-05,145
2014-01-06,156
2014-01-07,160
2014-01-08,169
2014-01-09,200
2014-01-10,211
2014-01-11,240
2014-01-12,250
2014-01-13,261
2014-01-14,270
2014-01-15,300
2014-01-16,320
2014-01-17,340
2014-01-18,369
2014-01-19,390
2014-01-20,400
2014-01-21,404
2014-01-22,420
2014-01-23,430
2014-01-24,450
2014-01-25,460
2014-01-26,467
2014-01-27,470
2014-01-28,490
2014-01-29,500
2014-01-30,510
2014-01-31,520
2014-02-01,530
2014-02-02,521
2014-02-03,500
2014-02-04,490
2014-02-05,480
2014-02-06,470
2014-02-07,450
2014-02-08,420
2014-02-09,410
2014-02-10,400
2014-02-11,410
2014-02-12,415
2014-02-13,389
2014-02-14,400
2014-02-15,388
2014-02-16,419
2014-02-17,408
2014-02-18,400
2014-02-19,390
2014-02-20,380
2014-02-21,450
2014-02-22,440
2014-02-23,430
2014-02-24,350
2014-02-25,410
2014-02-26,400
2014-02-27,240
2014-02-28,250
2014-03-01,261
2014-03-02,270
2014-03-03,300
2014-03-04,320
2014-03-05,340
2014-03-06,369
2014-03-07,390
2014-03-08,400
2014-03-09,404
2014-03-10,420
2014-03-11,430
2014-03-12,450
2014-03-13,460
2014-03-14,122
2014-03-15,132
2014-03-16,136
2014-03-17,145
2014-03-18,156
2014-03-19,160
2014-03-20,169
2014-03-21,200
2014-03-22,211
2014-03-23,240
2014-03-24,250
2014-03-25,261
2014-03-26,270
2014-03-27,300
2014-03-28,320
2014-03-29,340
2014-03-30,369
2014-03-31,390
2014-04-01,400
2014-04-02,404
2014-04-03,420
2014-04-04,430
2014-04-05,450
2014-04-06,460
2014-04-07,467
2014-04-08,470
2014-04-09,390
2014-04-10,380
2014-04-11,450
2014-04-12,440
2014-04-13,430
2014-04-14,350
2014-04-15,410
2014-04-16,400
2014-04-17,240
2014-04-18,250
2014-04-19,261
2014-04-20,270
2014-04-21,300
2014-04-22,320
2014-04-23,340
2014-04-24,369
2014-04-25,390
2014-04-26,400
2014-04-27,404
2014-04-28,420
2014-04-29,430
2014-04-30,450
2014-05-01,460
2014-05-02,122
2014-05-03,132
2014-05-04,136
2014-05-05,145
2014-05-06,156
2014-05-07,160
2014-05-08,169
2014-05-09,200
2014-05-10,211
2014-05-11,240
2014-05-12,250
2014-05-13,261
2014-05-14,270
2014-05-15,300
2014-05-16,320
2014-05-17,340
2014-05-18,369
2014-05-19,390
2014-05-20,400
2014-05-21,404
2014-05-22,420
2014-05-23,430
2014-05-24,450
2014-05-25,460
2014-05-26,467
2014-05-27,470
2014-05-28,390
2014-05-29,380
2014-05-30,450
2014-05-31,440
2014-06-01,430
2014-06-02,350
2014-06-03,410
2014-06-04,400
2014-06-05,240
2014-06-06,250
2014-06-07,261
2014-06-08,270
2014-06-09,300
2014-06-10,320
2014-06-11,340
2014-06-12,369
2014-06-13,390
2014-06-14,400
2014-06-15,404
2014-06-16,420
2014-06-17,430
2014-06-18,450
2014-06-19,460
2014-06-20,122
2014-06-21,132
2014-06-22,136
2014-06-23,145
2014-06-24,156
2014-06-25,160
2014-06-26,169
2014-06-27,200
2014-06-28,211
2014-06-29,240
2014-06-30,250
2014-07-01,261
2014-07-02,270
2014-07-03,300
2014-07-04,320
2014-07-05,340
2014-07-06,369
2014-07-07,390
2014-07-08,400
2014-07-09,404
2014-07-10,420
2014-07-11,430
2014-07-12,450
2014-07-13,460
2014-07-14,467
2014-07-15,470
2014-07-16,390
2014-07-17,380
2014-07-18,450
2014-07-19,440
2014-07-20,430
2014-07-21,350
2014-07-22,410
2014-07-23,400
2014-07-24,240
2014-07-25,250
2014-07-26,261
2014-07-27,270
2014-07-28,300
2014-07-29,320
2014-07-30,340
2014-07-31,369
2014-08-01,134
2014-08-02,137
2014-08-03,148
2014-08-04,152
2014-08-05,162
2014-08-06,175
2014-08-07,179
2014-08-08,189
2014-08-09,224
2014-08-10,236
2014-08-11,269
2014-08-12,280
2014-08-13,292
2014-08-14,302
2014-08-15,336
2014-08-16,358
2014-08-17,381
2014-08-18,413
2014-08-19,437
2014-08-20,448
2014-08-21,452
2014-08-22,470
2014-08-23,482
2014-08-24,504
2014-08-25,515
2014-08-26,523
2014-08-27,526
2014-08-28,549
2014-08-29,560
2014-08-30,571
2014-08-31,582
2014-09-01,594
2014-09-02,584
2014-09-03,560
2014-09-04,549
2014-09-05,538
2014-09-06,526
2014-09-07,504
2014-09-08,470
2014-09-09,459
2014-09-10,448
2014-09-11,459
2014-09-12,465
2014-09-13,436
2014-09-14,448
2014-09-15,435
2014-09-16,469
2014-09-17,457
2014-09-18,448
2014-09-19,437
2014-09-20,426
2014-09-21,504
2014-09-22,493
2014-09-23,482
2014-09-24,392
2014-09-25,459
2014-09-26,448
2014-09-27,269
2014-09-28,280
2014-09-29,292
2014-09-30,302
2014-10-01,336
2014-10-02,358
2014-10-03,381
2014-10-04,413
2014-10-05,437
2014-10-06,448
2014-10-07,452
2014-10-08,470
2014-10-09,482
2014-10-10,504
2014-10-11,515
2014-10-12,137
2014-10-13,148
2014-10-14,152
2014-10-15,162
2014-10-16,175
2014-10-17,179
2014-10-18,189
2014-10-19,224
2014-10-20,236
2014-10-21,269
2014-10-22,280
2014-10-23,292
2014-10-24,302
2014-10-25,336
2014-10-26,358
2014-10-27,381
2014-10-28,413
2014-10-29,437
2014-10-30,448
2014-10-31,452
2014-11-01,470
2014-11-02,482
2014-11-03,504
2014-11-04,515
2014-11-05,523
2014-11-06,526
2014-11-07,437
2014-11-08,426
2014-11-09,504
2014-11-10,493
2014-11-11,482
2014-11-12,392
2014-11-13,459
2014-11-14,448
2014-11-15,269
2014-11-16,280
2014-11-17,292
2014-11-18,302
2014-11-19,336
2014-11-20,358
2014-11-21,381
2014-11-22,413
2014-11-23,437
2014-11-24,448
2014-11-25,452
2014-11-26,470
2014-11-27,482
2014-11-28,504
2014-11-29,515
2014-11-30,137
2014-12-01,148
2014-12-02,152
2014-12-03,162
2014-12-04,175
2014-12-05,179
2014-12-06,189
2014-12-07,224
2014-12-08,236
2014-12-09,269
2014-12-10,280
2014-12-11,292
2014-12-12,302
2014-12-13,336
2014-12-14,358
2014-12-15,381
2014-12-16,413
2014-12-17,437
2014-12-18,448
2014-12-19,452
2014-12-20,470
2014-12-21,482
2014-12-22,504
2014-12-23,515
2014-12-24,523
2014-12-25,526
2014-12-26,437
2014-12-27,426
2014-12-28,504
2014-12-29,493
2014-12-30,482
2014-12-31,392
2015-01-01,459
2015-01-02,448
2015-01-03,269
2015-01-04,280
2015-01-05,292
2015-01-06,302
2015-01-07,336
2015-01-08,358
2015-01-09,381
2015-01-10,413
2015-01-11,437
2015-01-12,448
2015-01-13,452
2015-01-14,470
2015-01-15,482
2015-01-16,504
2015-01-17,515
2015-01-18,137
2015-01-19,148
2015-01-20,152
2015-01-21,162
2015-01-22,175
2015-01-23,179
2015-01-24,189
2015-01-25,224
2015-01-26,236
2015-01-27,269
2015-01-28,280
2015-01-29,292
2015-01-30,302
2015-01-31,336
2015-02-01,358
2015-02-02,381
2015-02-03,413
2015-02-04,437
2015-02-05,448
2015-02-06,452
2015-02-07,470
2015-02-08,482
2015-02-09,504
2015-02-10,515
2015-02-11,523
2015-02-12,526
2015-02-13,437
2015-02-14,426
2015-02-15,504
2015-02-16,493
2015-02-17,482
2015-02-18,392
2015-02-19,459
2015-02-20,448
2015-02-21,269
2015-02-22,280
2015-02-23,292
2015-02-24,302
2015-02-25,336
2015-02-26,358
2015-02-27,381
2015-02-28,413
2015-03-01,180
2015-03-02,183
2015-03-03,198
2015-03-04,204
2015-03-05,218
2015-03-06,234
2015-03-07,240
2015-03-08,254
2015-03-09,300
2015-03-10,317
2015-03-11,360
2015-03-12,375
2015-03-13,392
2015-03-14,405
2015-03-15,450
2015-03-16,480
2015-03-17,510
2015-03-18,554
2015-03-19,585
2015-03-20,600
2015-03-21,606
2015-03-22,630
2015-03-23,645
2015-03-24,675
2015-03-25,690
2015-03-26,701
2015-03-27,705
2015-03-28,735
2015-03-29,750
2015-03-30,765
2015-03-31,780
2015-04-01,795
2015-04-02,782
2015-04-03,750
2015-04-04,735
2015-04-05,720
2015-04-06,705
2015-04-07,675
2015-04-08,630
2015-04-09,615
2015-04-10,600
2015-04-11,615
2015-04-12,623
2015-04-13,584
2015-04-14,600
2015-04-15,582
2015-04-16,629
2015-04-17,612
2015-04-18,600
2015-04-19,585
2015-04-20,570
2015-04-21,675
2015-04-22,660
2015-04-23,645
2015-04-24,525
2015-04-25,615
2015-04-26,600
2015-04-27,360
2015-04-28,375
2015-04-29,392
2015-04-30,405
2015-05-01,450
2015-05-02,480
2015-05-03,510
2015-05-04,554
2015-05-05,585
2015-05-06,600
2015-05-07,606
2015-05-08,630
2015-05-09,645
2015-05-10,675
2015-05-11,690
2015-05-12,183
2015-05-13,198
2015-05-14,204
2015-05-15,218
2015-05-16,234
2015-05-17,240
2015-05-18,254
2015-05-19,300
2015-05-20,317
2015-05-21,360
2015-05-22,375
2015-05-23,392
2015-05-24,405
2015-05-25,450
2015-05-26,480
2015-05-27,510
2015-05-28,554
2015-05-29,585
2015-05-30,600
2015-05-31,606
2015-06-01,630
2015-06-02,645
2015-06-03,675
2015-06-04,690
2015-06-05,701
2015-06-06,705
2015-06-07,585
2015-06-08,570
2015-06-09,675
2015-06-10,660
2015-06-11,645
2015-06-12,525
2015-06-13,615
2015-06-14,600
2015-06-15,360
2015-06-16,375
2015-06-17,392
2015-06-18,405
2015-06-19,450
2015-06-20,480
2015-06-21,510
2015-06-22,554
2015-06-23,585
2015-06-24,600
2015-06-25,606
2015-06-26,630
2015-06-27,645
2015-06-28,675
2015-06-29,690
2015-06-30,183
2015-07-01,198
2015-07-02,204
2015-07-03,218
2015-07-04,234
2015-07-05,240
2015-07-06,254
2015-07-07,300
2015-07-08,317
2015-07-09,360
2015-07-10,375
2015-07-11,392
2015-07-12,405
2015-07-13,450
2015-07-14,480
2015-07-15,510
2015-07-16,554
2015-07-17,585
2015-07-18,600
2015-07-19,606
2015-07-20,630
2015-07-21,645
2015-07-22,675
2015-07-23,690
2015-07-24,701
2015-07-25,705
2015-07-26,585
2015-07-27,570
2015-07-28,675
2015-07-29,660
2015-07-30,645
2015-07-31,525
2015-08-01,615
2015-08-02,600
2015-08-03,360
2015-08-04,375
2015-08-05,392
2015-08-06,405
2015-08-07,450
2015-08-08,480
2015-08-09,510
2015-08-10,554
2015-08-11,585
2015-08-12,600
2015-08-13,606
2015-08-14,630
2015-08-15,645
2015-08-16,675
2015-08-17,690
2015-08-18,183
2015-08-19,198
2015-08-20,204
2015-08-21,218
2015-08-22,234
2015-08-23,240
2015-08-24,254
2015-08-25,300
2015-08-26,317
2015-08-27,360
2015-08-28,375
2015-08-29,392
2015-08-30,405
2015-08-31,450
2015-09-01,480
2015-09-02,510
2015-09-03,554
2015-09-04,585
2015-09-05,600
2015-09-06,606
2015-09-07,630
2015-09-08,645
2015-09-09,675
2015-09-10,690
2015-09-11,701
2015-09-12,705
2015-09-13,585
2015-09-14,570
2015-09-15,675
2015-09-16,660
2015-09-17,645
2015-09-18,525
2015-09-19,615
2015-09-20,600
2015-09-21,360
2015-09-22,375
2015-09-23,392
2015-09-24,405
2015-09-25,450
2015-09-26,480
2015-09-27,510
2015-09-28,554
2015-09-29,240
2015-09-30,244
2015-10-01,264
2015-10-02,272
2015-10-03,290
2015-10-04,312
2015-10-05,320
2015-10-06,338
2015-10-07,400
2015-10-08,422
2015-10-09,480
2015-10-10,500
2015-10-11,522
2015-10-12,540
2015-10-13,600
2015-10-14,640
2015-10-15,680
2015-10-16,738
2015-10-17,780
2015-10-18,800
2015-10-19,808
2015-10-20,840
2015-10-21,860
2015-10-22,900
2015-10-23,920
2015-10-24,934
2015-10-25,940
2015-10-26,980
2015-10-27,1000
2015-10-28,1020
2015-10-29,1040
2015-10-30,1060
2015-10-31,1042
2015-11-01,1000
2015-11-02,980
2015-11-03,960
2015-11-04,940
2015-11-05,900
2015-11-06,840
2015-11-07,820
2015-11-08,800
2015-11-09,820
2015-11-10,830
2015-11-11,778
2015-11-12,800
2015-11-13,776
2015-11-14,838
2015-11-15,816
2015-11-16,800
2015-11-17,780
2015-11-18,760
2015-11-19,900
2015-11-20,880
2015-11-21,860
2015-11-22,700
2015-11-23,820
2015-11-24,800
2015-11-25,480
2015-11-26,500
2015-11-27,522
2015-11-28,540
2015-11-29,600
2015-11-30,640
2015-12-01,680
2015-12-02,738
2015-12-03,780
2015-12-04,800
2015-12-05,808
2015-12-06,840
2015-12-07,860
2015-12-08,900
2015-12-09,920
2015-12-10,244
2015-12-11,264
2015-12-12,272
2015-12-13,290
2015-12-14,312
2015-12-15,320
2015-12-16,338
2015-12-17,400
2015-12-18,422
2015-12-19,480
2015-12-20,500
2015-12-21,522
2015-12-22,540
2015-12-23,600
2015-12-24,640
2015-12-25,680
2015-12-26,738
2015-12-27,780
2015-12-28,800
2015-12-29,808
2015-12-30,840
2015-12-31,860
2016-01-01,900
2016-01-02,920
2016-01-03,934
2016-01-04,940
2016-01-05,780
2016-01-06,760
2016-01-07,900
2016-01-08,880
2016-01-09,860
2016-01-10,700
2016-01-11,820
2016-01-12,800
2016-01-13,480
2016-01-14,500
2016-01-15,522
2016-01-16,540
2016-01-17,600
2016-01-18,640
2016-01-19,680
2016-01-20,738
2016-01-21,780
2016-01-22,800
2016-01-23,808
2016-01-24,840
2016-01-25,860
2016-01-26,900
2016-01-27,920
2016-01-28,244
2016-01-29,264
2016-01-30,272
2016-01-31,290
2016-02-01,312
2016-02-02,320
2016-02-03,338
2016-02-04,400
2016-02-05,422
2016-02-06,480
2016-02-07,500
2016-02-08,522
2016-02-09,540
2016-02-10,600
2016-02-11,640
2016-02-12,680
2016-02-13,738
2016-02-14,780
2016-02-15,800
2016-02-16,808
2016-02-17,840
2016-02-18,860
2016-02-19,900
2016-02-20,920
2016-02-21,934
2016-02-22,940
2016-02-23,780
2016-02-24,760
2016-02-25,900
2016-02-26,880
2016-02-27,860
2016-02-28,700
2016-02-29,820
2016-03-01,800
2016-03-02,480
2016-03-03,500
2016-03-04,522
2016-03-05,540
2016-03-06,600
2016-03-07,640
2016-03-08,680
2016-03-09,738
2016-03-10,780
2016-03-11,800
2016-03-12,808
2016-03-13,840
2016-03-14,860
2016-03-15,900
2016-03-16,920
2016-03-17,244
2016-03-18,264
2016-03-19,272
2016-03-20,290
2016-03-21,312
2016-03-22,320
2016-03-23,338
2016-03-24,400
2016-03-25,422
2016-03-26,480
2016-03-27,500
2016-03-28,522
2016-03-29,540
2016-03-30,600
2016-03-31,640
2016-04-01,680
2016-04-02,738
2016-04-03,780
2016-04-04,800
2016-04-05,808
2016-04-06,840
2016-04-07,860
2016-04-08,900
2016-04-09,920
2016-04-10,934
2016-04-11,940
2016-04-12,780
2016-04-13,760
2016-04-14,900
2016-04-15,880
2016-04-16,860
2016-04-17,700
2016-04-18,820
2016-04-19,800
2016-04-20,480
2016-04-21,500
2016-04-22,522
2016-04-23,540
2016-04-24,600
2016-04-25,640
2016-04-26,680
2016-04-27,738
2016-04-28,240
2016-04-29,244
2016-04-30,264
2016-05-01,272
2016-05-02,290
2016-05-03,312
2016-05-04,320
2016-05-05,338
2016-05-06,400
2016-05-07,422
2016-05-08,480
2016-05-09,500
2016-05-10,522
2016-05-11,540
2016-05-12,600
2016-05-13,640
2016-05-14,680
2016-05-15,738
2016-05-16,780
2016-05-17,800
2016-05-18,808
2016-05-19,840
2016-05-20,860
2016-05-21,900
2016-05-22,920
2016-05-23,934
2016-05-24,940
2016-05-25,980
2016-05-26,1000
2016-05-27,1020
2016-05-28,1040
2016-05-29,1060
2016-05-30,1042
2016-05-31,1000
2016-06-01,980
2016-06-02,960
2016-06-03,940
2016-06-04,900
2016-06-05,840
2016-06-06,820
2016-06-07,800
2016-06-08,820
2016-06-09,830
2016-06-10,778
2016-06-11,800
2016-06-12,776
2016-06-13,838
2016-06-14,816
2016-06-15,800
2016-06-16,780
2016-06-17,760
2016-06-18,900
2016-06-19,880
2016-06-20,860
2016-06-21,700
2016-06-22,820
2016-06-23,800
2016-06-24,480
2016-06-25,500
2016-06-26,522
2016-06-27,540
2016-06-28,600
2016-06-29,640
2016-06-30,680
2016-07-01,738
2016-07-02,780
2016-07-03,800
2016-07-04,808
2016-07-05,840
2016-07-06,860
2016-07-07,900
2016-07-08,920
2016-07-09,244
2016-07-10,264
2016-07-11,272
2016-07-12,290
2016-07-13,312
2016-07-14,320
2016-07-15,338
2016-07-16,400
2016-07-17,422
2016-07-18,480
2016-07-19,500
2016-07-20,522
2016-07-21,540
2016-07-22,600
2016-07-23,640
2016-07-24,680
2016-07-25,738
2016-07-26,780
2016-07-27,800
2016-07-28,808
2016-07-29,840
2016-07-30,860
2016-07-31,900
2016-08-01,920
2016-08-02,934
2016-08-03,940
2016-08-04,780
2016-08-05,760
2016-08-06,900
2016-08-07,880
2016-08-08,860
2016-08-09,700
2016-08-10,820
2016-08-11,800
2016-08-12,480
2016-08-13,500
2016-08-14,522
2016-08-15,540
2016-08-16,600
2016-08-17,640
2016-08-18,680
2016-08-19,738
2016-08-20,780
2016-08-21,800
2016-08-22,808
2016-08-23,840
2016-08-24,860
2016-08-25,900
2016-08-26,920
2016-08-27,244
2016-08-28,264
2016-08-29,272
2016-08-30,290
2016-08-31,312
2016-09-01,320
2016-09-02,338
2016-09-03,400
2016-09-04,422
2016-09-05,480
2016-09-06,500
2016-09-07,522
2016-09-08,540
2016-09-09,600
2016-09-10,640
2016-09-11,680
2016-09-12,738
2016-09-13,780
2016-09-14,800
2016-09-15,808
2016-09-16,840
2016-09-17,860
2016-09-18,900
2016-09-19,920
2016-09-20,934
2016-09-21,940
2016-09-22,780
2016-09-23,760
2016-09-24,900
2016-09-25,880
2016-09-26,860
2016-09-27,700
2016-09-28,820
2016-09-29,800
2016-09-30,480
2016-10-01,500
2016-10-02,522
2016-10-03,540
2016-10-04,600
2016-10-05,640
2016-10-06,680
2016-10-07,738
2016-10-08,780
2016-10-09,800
2016-10-10,808
2016-10-11,840
2016-10-12,860
2016-10-13,900
2016-10-14,920
2016-10-15,244
2016-10-16,264
2016-10-17,272
2016-10-18,290
2016-10-19,312
2016-10-20,320
2016-10-21,338
2016-10-22,400
2016-10-23,422
2016-10-24,480
2016-10-25,500
2016-10-26,522
2016-10-27,540
2016-10-28,600
2016-10-29,640
2016-10-30,680
2016-10-31,738
2016-11-01,780
2016-11-02,800
2016-11-03,808
2016-11-04,840
2016-11-05,860
2016-11-06,900
2016-11-07,920
2016-11-08,934
2016-11-09,940
2016-11-10,780
2016-11-11,760
2016-11-12,900
2016-11-13,880
2016-11-14,860
2016-11-15,700
2016-11-16,820
2016-11-17,800
2016-11-18,480
2016-11-19,500
2016-11-20,522
2016-11-21,540
2016-11-22,600
2016-11-23,640
2016-11-24,680
2016-11-25,738
2016-11-26,254
2016-11-27,259
2016-11-28,280
2016-11-29,288
2016-11-30,307
2016-12-01,331
2016-12-02,339
2016-12-03,358
2016-12-04,424
2016-12-05,447
2016-12-06,509
2016-12-07,530
2016-12-08,553
2016-12-09,572
2016-12-10,636
2016-12-11,678
2016-12-12,721
2016-12-13,782
2016-12-14,827
2016-12-15,848
2016-12-16,856
2016-12-17,890
2016-12-18,912
2016-12-19,954
2016-12-20,975
2016-12-21,990
2016-12-22,996
2016-12-23,1039
2016-12-24,1060
2016-12-25,1081
2016-12-26,1102
2016-12-27,1124
2016-12-28,1105
2016-12-29,1060
2016-12-30,1039
2016-12-31,1018
2017-01-01,996
2017-01-02,954
2017-01-03,890
2017-01-04,869
2017-01-05,848
2017-01-06,869
2017-01-07,880
2017-01-08,825
2017-01-09,848
2017-01-10,823
2017-01-11,888
2017-01-12,865
2017-01-13,848
2017-01-14,827
2017-01-15,806
2017-01-16,954
2017-01-17,933
2017-01-18,912
2017-01-19,742
2017-01-20,869
2017-01-21,848
2017-01-22,509
2017-01-23,530
2017-01-24,553
2017-01-25,572
2017-01-26,636
2017-01-27,678
2017-01-28,721
2017-01-29,782
2017-01-30,827
2017-01-31,848
2017-02-01,856
2017-02-02,890
2017-02-03,912
2017-02-04,954
2017-02-05,975
2017-02-06,259
2017-02-07,280
2017-02-08,288
2017-02-09,307
2017-02-10,331
2017-02-11,339
2017-02-12,358
2017-02-13,424
2017-02-14,447
2017-02-15,509
2017-02-16,530
2017-02-17,553
2017-02-18,572
2017-02-19,636
2017-02-20,678
2017-02-21,721
2017-02-22,782
2017-02-23,827
2017-02-24,848
2017-02-25,856
2017-02-26,890
2017-02-27,912
2017-02-28,954
2017-03-01,975
2017-03-02,990
2017-03-03,996
2017-03-04,827
2017-03-05,806
2017-03-06,954
2017-03-07,933
2017-03-08,912
2017-03-09,742
2017-03-10,869
2017-03-11,848
2017-03-12,509
2017-03-13,530
2017-03-14,553
2017-03-15,572
2017-03-16,636
2017-03-17,678
2017-03-18,721
2017-03-19,782
2017-03-20,827
2017-03-21,848
2017-03-22,856
2017-03-23,890
2017-03-24,912
2017-03-25,954
2017-03-26,975
2017-03-27,259
2017-03-28,280
2017-03-29,288
2017-03-30,307
2017-03-31,331
2017-04-01,339
2017-04-02,358
2017-04-03,424
2017-04-04,447
2017-04-05,509
2017-04-06,530
2017-04-07,553
2017-04-08,572
2017-04-09,636
2017-04-10,678
2017-04-11,721
2017-04-12,782
2017-04-13,827
2017-04-14,848
2017-04-15,856
2017-04-16,890
2017-04-17,912
2017-04-18,954
2017-04-19,975
2017-04-20,990
2017-04-21,996
2017-04-22,827
2017-04-23,806
2017-04-24,954
2017-04-25,933
2017-04-26,912
2017-04-27,742
2017-04-28,869
2017-04-29,848
2017-04-30,509
2017-05-01,530
2017-05-02,553
2017-05-03,572
2017-05-04,636
2017-05-05,678
2017-05-06,721
2017-05-07,782
2017-05-08,827
2017-05-09,848
2017-05-10,856
2017-05-11,890
2017-05-12,912
2017-05-13,954
2017-05-14,975
2017-05-15,259
2017-05-16,280
2017-05-17,288
2017-05-18,307
2017-05-19,331
2017-05-20,339
2017-05-21,358
2017-05-22,424
2017-05-23,447
2017-05-24,509
2017-05-25,530
2017-05-26,553
2017-05-27,572
2017-05-28,636
2017-05-29,678
2017-05-30,721
2017-05-31,782
2017-06-01,827
2017-06-02,848
2017-06-03,856
2017-06-04,890
2017-06-05,912
2017-06-06,954
2017-06-07,975
2017-06-08,990
2017-06-09,996
2017-06-10,827
2017-06-11,806
2017-06-12,954
2017-06-13,933
2017-06-14,912
2017-06-15,742
2017-06-16,869
2017-06-17,848
2017-06-18,509
2017-06-19,530
2017-06-20,553
2017-06-21,572
2017-06-22,636
2017-06-23,678
2017-06-24,721
2017-06-25,782
2017-06-26,254
2017-06-27,259
2017-06-28,280
2017-06-29,288
2017-06-30,307
2017-07-01,331
2017-07-02,339
2017-07-03,358
2017-07-04,424
2017-07-05,447
2017-07-06,509
2017-07-07,530
2017-07-08,553
2017-07-09,572
2017-07-10,636
2017-07-11,678
2017-07-12,721
2017-07-13,782
2017-07-14,827
2017-07-15,848
2017-07-16,856
2017-07-17,890
2017-07-18,912
2017-07-19,954
2017-07-20,975
2017-07-21,990
2017-07-22,996
2017-07-23,1039
2017-07-24,1060
2017-07-25,1081
2017-07-26,1102
2017-07-27,1124
2017-07-28,1105
2017-07-29,1060
2017-07-30,1039
2017-07-31,1018
2017-08-01,996
2017-08-02,954
2017-08-03,890
2017-08-04,869
2017-08-05,848
2017-08-06,869
2017-08-07,880
2017-08-08,825
2017-08-09,848
2017-08-10,823
2017-08-11,888
2017-08-12,865
2017-08-13,848
2017-08-14,827
2017-08-15,806
2017-08-16,954
2017-08-17,933
2017-08-18,912
2017-08-19,742
2017-08-20,869
2017-08-21,848
2017-08-22,509
2017-08-23,530
2017-08-24,553
2017-08-25,572
2017-08-26,636
2017-08-27,678
2017-08-28,721
2017-08-29,782
2017-08-30,827
2017-08-31,848
2017-09-01,856
2017-09-02,890
2017-09-03,912
2017-09-04,954
2017-09-05,975
2017-09-06,259
2017-09-07,280
2017-09-08,288
2017-09-09,307
2017-09-10,331
2017-09-11,339
2017-09-12,358
2017-09-13,424
2017-09-14,447
2017-09-15,509
2017-09-16,530
2017-09-17,553
2017-09-18,572
2017-09-19,636
2017-09-20,678
2017-09-21,721
2017-09-22,782
2017-09-23,827
2017-09-24,848
2017-09-25,856
2017-09-26,890
2017-09-27,912
2017-09-28,954
2017-09-29,975
2017-09-30,990
2017-10-01,996
2017-10-02,827
2017-10-03,806
2017-10-04,954
2017-10-05,933
2017-10-06,912
2017-10-07,742
2017-10-08,869
2017-10-09,848
2017-10-10,509
2017-10-11,530
2017-10-12,553
2017-10-13,572
2017-10-14,636
2017-10-15,678
2017-10-16,721
2017-10-17,782
2017-10-18,827
2017-10-19,848
2017-10-20,856
2017-10-21,890
2017-10-22,912
2017-10-23,954
2017-10-24,975
2017-10-25,259
2017-10-26,280
2017-10-27,288
2017-10-28,307
2017-10-29,331
2017-10-30,339
2017-10-31,358
2017-11-01,424
2017-11-02,447
2017-11-03,509
2017-11-04,530
2017-11-05,553
2017-11-06,572
2017-11-07,636
2017-11-08,678
2017-11-09,721
2017-11-10,782
2017-11-11,827
2017-11-12,848
2017-11-13,856
2017-11-14,890
2017-11-15,912
2017-11-16,954
2017-11-17,975
2017-11-18,990
2017-11-19,996
2017-11-20,827
2017-11-21,806
2017-11-22,954
2017-11-23,933
2017-11-24,912
2017-11-25,742
2017-11-26,869
2017-11-27,848
2017-11-28,509
2017-11-29,530
2017-11-30,553
2017-12-01,572
2017-12-02,636
2017-12-03,678
2017-12-04,721
2017-12-05,782
2017-12-06,827
2017-12-07,848
2017-12-08,856
2017-12-09,890
2017-12-10,912
2017-12-11,954
2017-12-12,975
2017-12-13,259
2017-12-14,280
2017-12-15,288
2017-12-16,307
2017-12-17,331
2017-12-18,339
2017-12-19,358
2017-12-20,424
2017-12-21,447
2017-12-22,509
2017-12-23,530
2017-12-24,553
2017-12-25,572
2017-12-26,636
2017-12-27,678
2017-12-28,721
2017-12-29,782
2017-12-30,827
2017-12-31,848
2018-01-01,856
2018-01-02,890
2018-01-03,912
2018-01-04,954
2018-01-05,975
2018-01-06,990
2018-01-07,996
2018-01-08,827
2018-01-09,806
2018-01-10,954
2018-01-11,933
2018-01-12,912
2018-01-13,742
2018-01-14,869
2018-01-15,848
2018-01-16,509
2018-01-17,530
2018-01-18,553
2018-01-19,572
2018-01-20,636
2018-01-21,678
2018-01-22,721
2018-01-23,782
2018-01-24,280
2018-01-25,284
2018-01-26,308
2018-01-27,317
2018-01-28,338
2018-01-29,363
2018-01-30,373
2018-01-31,394
2018-02-01,466
2018-02-02,492
2018-02-03,559
2018-02-04,583
2018-02-05,608
2018-02-06,629
2018-02-07,699
2018-02-08,746
2018-02-09,792
2018-02-10,860
2018-02-11,909
2018-02-12,932
2018-02-13,941
2018-02-14,979
2018-02-15,1002
2018-02-16,1049
2018-02-17,1072
2018-02-18,1088
2018-02-19,1095
2018-02-20,1142
2018-02-21,1165
2018-02-22,1188
2018-02-23,1212
2018-02-24,1235
2018-02-25,1214
2018-02-26,1165
2018-02-27,1142
2018-02-28,1118
2018-03-01,1095
2018-03-02,1049
2018-03-03,979
2018-03-04,955
2018-03-05,932
2018-03-06,955
2018-03-07,967
2018-03-08,906
2018-03-09,932
2018-03-10,904
2018-03-11,976
2018-03-12,951
2018-03-13,932
2018-03-14,909
2018-03-15,885
2018-03-16,1049
2018-03-17,1025
2018-03-18,1002
2018-03-19,816
2018-03-20,955
2018-03-21,932
2018-03-22,559
2018-03-23,583
2018-03-24,608
2018-03-25,629
2018-03-26,699
2018-03-27,746
2018-03-28,792
2018-03-29,860
2018-03-30,909
2018-03-31,932
2018-04-01,941
2018-04-02,979
2018-04-03,1002
2018-04-04,1049
2018-04-05,1072
2018-04-06,284
2018-04-07,308
2018-04-08,317
2018-04-09,338
2018-04-10,363
2018-04-11,373
2018-04-12,394
2018-04-13,466
2018-04-14,492
2018-04-15,559
2018-04-16,583
2018-04-17,608
2018-04-18,629
2018-04-19,699
2018-04-20,746
2018-04-21,792
2018-04-22,860
2018-04-23,909
2018-04-24,932
2018-04-25,941
2018-04-26,979
2018-04-27,1002
2018-04-28,1049
2018-04-29,1072
2018-04-30,1088
2018-05-01,1095
2018-05-02,909
2018-05-03,885
2018-05-04,1049
2018-05-05,1025
2018-05-06,1002
2018-05-07,816
2018-05-08,955
2018-05-09,932
2018-05-10,559
2018-05-11,583
2018-05-12,608
2018-05-13,629
2018-05-14,699
2018-05-15,746
2018-05-16,792
2018-05-17,860
2018-05-18,909
2018-05-19,932
2018-05-20,941
2018-05-21,979
2018-05-22,1002
2018-05-23,1049
2018-05-24,1072
2018-05-25,284
2018-05-26,308
2018-05-27,317
2018-05-28,338
2018-05-29,363
2018-05-30,373
2018-05-31,394
2018-06-01,466
2018-06-02,492
2018-06-03,559
2018-06-04,583
2018-06-05,608
2018-06-06,629
2018-06-07,699
2018-06-08,746
2018-06-09,792
2018-06-10,860
2018-06-11,909
2018-06-12,932
2018-06-13,941
2018-06-14,979
2018-06-15,1002
2018-06-16,1049
2018-06-17,1072
2018-06-18,1088
2018-06-19,1095
2018-06-20,909
2018-06-21,885
2018-06-22,1049
2018-06-23,1025
2018-06-24,1002
2018-06-25,816
2018-06-26,955
2018-06-27,932
2018-06-28,559
2018-06-29,583
2018-06-30,608
2018-07-01,629
2018-07-02,699
2018-07-03,746
2018-07-04,792
2018-07-05,860
2018-07-06,909
2018-07-07,932
2018-07-08,941
2018-07-09,979
2018-07-10,1002
2018-07-11,1049
2018-07-12,1072
2018-07-13,284
2018-07-14,308
2018-07-15,317
2018-07-16,338
2018-07-17,363
2018-07-18,373
2018-07-19,394
2018-07-20,466
2018-07-21,492
2018-07-22,559
2018-07-23,583
2018-07-24,608
2018-07-25,629
2018-07-26,699
2018-07-27,746
2018-07-28,792
2018-07-29,860
2018-07-30,909
2018-07-31,932
2018-08-01,941
2018-08-02,979
2018-08-03,1002
2018-08-04,1049
2018-08-05,1072
2018-08-06,1088
2018-08-07,1095
2018-08-08,909
2018-08-09,885
2018-08-10,1049
2018-08-11,1025
2018-08-12,1002
2018-08-13,816
2018-08-14,955
2018-08-15,932
2018-08-16,559
2018-08-17,583
2018-08-18,608
2018-08-19,629
2018-08-20,699
2018-08-21,746
2018-08-22,792
2018-08-23,860
2018-08-24,312
2018-08-25,319
2018-08-26,345
2018-08-27,354
2018-08-28,377
2018-08-29,408
2018-08-30,417
2018-08-31,440
2018-09-01,522
2018-09-02,550
2018-09-03,627
2018-09-04,652
2018-09-05,680
2018-09-06,704
2018-09-07,783
2018-09-08,834
2018-09-09,888
2018-09-10,962
2018-09-11,1018
2018-09-12,1044
2018-09-13,1053
2018-09-14,1095
2018-09-15,1123
2018-09-16,1174
2018-09-17,1200
2018-09-18,1219
2018-09-19,1226
2018-09-20,1279
2018-09-21,1305
2018-09-22,1330
2018-09-23,1356
2018-09-24,1384
2018-09-25,1361
2018-09-26,1305
2018-09-27,1279
2018-09-28,1254
2018-09-29,1226
2018-09-30,1174
2018-10-01,1095
2018-10-02,1069
2018-10-03,1044
2018-10-04,1069
2018-10-05,1083
2018-10-06,1016
2018-10-07,1044
2018-10-08,1014
2018-10-09,1093
2018-10-10,1065
2018-10-11,1044
2018-10-12,1018
2018-10-13,993
2018-10-14,1174
2018-10-15,1149
2018-10-16,1123
2018-10-17,913
2018-10-18,1069
2018-10-19,1044
2018-10-20,627
2018-10-21,652
2018-10-22,680
2018-10-23,704
2018-10-24,783
2018-10-25,834
2018-10-26,888
2018-10-27,962
2018-10-28,1018
2018-10-29,1044
2018-10-30,1053
2018-10-31,1095
2018-11-01,1123
2018-11-02,1174
2018-11-03,1200
2018-11-04,319
2018-11-05,345
2018-11-06,354
2018-11-07,377
2018-11-08,408
2018-11-09,417
2018-11-10,440
2018-11-11,522
2018-11-12,550
2018-11-13,627
2018-11-14,652
2018-11-15,680
2018-11-16,704
2018-11-17,783
2018-11-18,834
2018-11-19,888
2018-11-20,962
2018-11-21,1018
2018-11-22,1044
2018-11-23,1053
2018-11-24,1095
2018-11-25,1123
2018-11-26,1174
2018-11-27,1200
2018-11-28,1219
2018-11-29,1226
2018-11-30,1018
2018-12-01,993
2018-12-02,1174
2018-12-03,1149
2018-12-04,1123
2018-12-05,913
2018-12-06,1069
2018-12-07,1044
2018-12-08,627
2018-12-09,652
2018-12-10,680
2018-12-11,704
2018-12-12,783
2018-12-13,834
2018-12-14,888
2018-12-15,962
2018-12-16,1018
2018-12-17,1044
2018-12-18,1053
2018-12-19,1095
2018-12-20,1123
2018-12-21,1174
2018-12-22,1200
2018-12-23,319
2018-12-24,345
2018-12-25,354
2018-12-26,377
2018-12-27,408
2018-12-28,417
2018-12-29,440
2018-12-30,522
2018-12-31,550
2019-01-01,627
2019-01-02,652
2019-01-03,680
2019-01-04,704
2019-01-05,783
2019-01-06,834
2019-01-07,888
2019-01-08,962
2019-01-09,1018
2019-01-10,1044
2019-01-11,1053
2019-01-12,1095
2019-01-13,1123
2019-01-14,1174
2019-01-15,1200
2019-01-16,1219
2019-01-17,1226
2019-01-18,1018
2019-01-19,993
2019-01-20,1174
2019-01-21,1149
2019-01-22,1123
2019-01-23,913
2019-01-24,1069
2019-01-25,1044
2019-01-26,627
2019-01-27,652
2019-01-28,680
2019-01-29,704
2019-01-30,783
2019-01-31,834
2019-02-01,888
2019-02-02,962
2019-02-03,1018
2019-02-04,1044
2019-02-05,1053
2019-02-06,1095
2019-02-07,1123
2019-02-08,1174
2019-02-09,1200
2019-02-10,319
2019-02-11,345
2019-02-12,354
2019-02-13,377
2019-02-14,408
2019-02-15,417
2019-02-16,440
2019-02-17,522
2019-02-18,550
2019-02-19,627
2019-02-20,652
2019-02-21,680
2019-02-22,704
2019-02-23,783
2019-02-24,834
2019-02-25,888
2019-02-26,962
2019-02-27,1018
2019-02-28,1044
2019-03-01,1053
2019-03-02,1095
2019-03-03,1123
2019-03-04,1174
2019-03-05,1200
2019-03-06,1219
2019-03-07,1226
2019-03-08,1018
2019-03-09,993
2019-03-10,1174
2019-03-11,1149
2019-03-12,1123
2019-03-13,913
2019-03-14,1069
2019-03-15,1044
2019-03-16,627
2019-03-17,652
2019-03-18,680
2019-03-19,704
2019-03-20,783
2019-03-21,834
2019-03-22,888
2019-03-23,962
2019-03-24,419
2019-03-25,426
2019-03-26,461
2019-03-27,475
2019-03-28,508
2019-03-29,545
2019-03-30,559
2019-03-31,592
2019-04-01,699
2019-04-02,739
2019-04-03,839
2019-04-04,874
2019-04-05,913
2019-04-06,944
2019-04-07,1049
2019-04-08,1118
2019-04-09,1188
2019-04-10,1291
2019-04-11,1363
2019-04-12,1398
2019-04-13,1412
2019-04-14,1468
2019-04-15,1503
2019-04-16,1573
2019-04-17,1608
2019-04-18,1633
2019-04-19,1643
2019-04-20,1713
2019-04-21,1748
2019-04-22,1782
2019-04-23,1817
2019-04-24,1852
2019-04-25,1822
2019-04-26,1748
2019-04-27,1713
2019-04-28,1678
2019-04-29,1643
2019-04-30,1573
2019-05-01,1468
2019-05-02,1433
2019-05-03,1398
2019-05-04,1433
2019-05-05,1452
2019-05-06,1361
2019-05-07,1398
2019-05-08,1356
2019-05-09,1466
2019-05-10,1426
2019-05-11,1398
2019-05-12,1363
2019-05-13,1328
2019-05-14,1573
2019-05-15,1538
2019-05-16,1503
2019-05-17,1223
2019-05-18,1433
2019-05-19,1398
2019-05-20,839
2019-05-21,874
2019-05-22,913
2019-05-23,944
2019-05-24,1049
2019-05-25,1118
2019-05-26,1188
2019-05-27,1291
2019-05-28,1363
2019-05-29,1398
2019-05-30,1412
2019-05-31,1468
2019-06-01,1503
2019-06-02,1573
2019-06-03,1608
2019-06-04,426
2019-06-05,461
2019-06-06,475
2019-06-07,508
2019-06-08,545
2019-06-09,559
2019-06-10,592
2019-06-11,699
2019-06-12,739
2019-06-13,839
2019-06-14,874
2019-06-15,913
2019-06-16,944
2019-06-17,1049
2019-06-18,1118
2019-06-19,1188
2019-06-20,1291
2019-06-21,1363
2019-06-22,1398
2019-06-23,1412
2019-06-24,1468
2019-06-25,1503
2019-06-26,1573
2019-06-27,1608
2019-06-28,1633
2019-06-29,1643
2019-06-30,1363
2019-07-01,1328
2019-07-02,1573
2019-07-03,1538
2019-07-04,1503
2019-07-05,1223
2019-07-06,1433
2019-07-07,1398
2019-07-08,839
2019-07-09,874
2019-07-10,913
2019-07-11,944
2019-07-12,1049
2019-07-13,1118
2019-07-14,1188
2019-07-15,1291
2019-07-16,1363
2019-07-17,1398
2019-07-18,1412
2019-07-19,1468
2019-07-20,1503
2019-07-21,1573
2019-07-22,1608
2019-07-23,426
2019-07-24,461
2019-07-25,475
2019-07-26,508
2019-07-27,545
2019-07-28,559
2019-07-29,592
2019-07-30,699
2019-07-31,739
2019-08-01,839
2019-08-02,874
2019-08-03,913
2019-08-04,944
2019-08-05,1049
2019-08-06,1118
2019-08-07,1188
2019-08-08,1291
2019-08-09,1363
2019-08-10,1398
2019-08-11,1412
2019-08-12,1468
2019-08-13,1503
2019-08-14,1573
2019-08-15,1608
2019-08-16,1633
2019-08-17,1643
2019-08-18,1363
2019-08-19,1328
2019-08-20,1573
2019-08-21,1538
2019-08-22,1503
2019-08-23,1223
2019-08-24,1433
2019-08-25,1398
2019-08-26,839
2019-08-27,874
2019-08-28,913
2019-08-29,944
2019-08-30,1049
2019-08-31,1118
2019-09-01,1188
2019-09-02,1291
2019-09-03,1363
2019-09-04,1398
2019-09-05,1412
2019-09-06,1468
2019-09-07,1503
2019-09-08,1573
2019-09-09,1608
2019-09-10,426
2019-09-11,461
2019-09-12,475
2019-09-13,508
2019-09-14,545
2019-09-15,559
2019-09-16,592
2019-09-17,699
2019-09-18,739
2019-09-19,839
2019-09-20,874
2019-09-21,913
2019-09-22,944
2019-09-23,1049
2019-09-24,1118
2019-09-25,1188
2019-09-26,1291
2019-09-27,1363
2019-09-28,1398
2019-09-29,1412
2019-09-30,1468
2019-10-01,1503
2019-10-02,1573
2019-10-03,1608
2019-10-04,1633
2019-10-05,1643
2019-10-06,1363
2019-10-07,1328
2019-10-08,1573
2019-10-09,1538
2019-10-10,1503
2019-10-11,1223
2019-10-12,1433
2019-10-13,1398
2019-10-14,839
2019-10-15,874
2019-10-16,913
2019-10-17,944
2019-10-18,1049
2019-10-19,1118
2019-10-20,1188
2019-10-21,1291
2019-10-22,559
2019-10-23,569
2019-10-24,615
2019-10-25,634
2019-10-26,676
2019-10-27,727
2019-10-28,746
2019-10-29,788
2019-10-30,932
2019-10-31,983
2019-11-01,1118
2019-11-02,1165
2019-11-03,1216
2019-11-04,1258
2019-11-05,1398
2019-11-06,1491
2019-11-07,1584
2019-11-08,1720
2019-11-09,1817
2019-11-10,1864
2019-11-11,1883
2019-11-12,1957
2019-11-13,2004
2019-11-14,2097
2019-11-15,2144
2019-11-16,2176
2019-11-17,2190
2019-11-18,2283
2019-11-19,2330
2019-11-20,2377
2019-11-21,2423
2019-11-22,2470
2019-11-23,2428
2019-11-24,2330
2019-11-25,2283
2019-11-26,2237
2019-11-27,2190
2019-11-28,2097
2019-11-29,1957
2019-11-30,1911
2019-12-01,1864
2019-12-02,1911
2019-12-03,1934
2019-12-04,1813
2019-12-05,1864
2019-12-06,1808
2019-12-07,1953
2019-12-08,1901
2019-12-09,1864
2019-12-10,1817
2019-12-11,1771
2019-12-12,2097
2019-12-13,2050
2019-12-14,2004
2019-12-15,1631
2019-12-16,1911
2019-12-17,1864
2019-12-18,1118
2019-12-19,1165
2019-12-20,1216
2019-12-21,1258
2019-12-22,1398
2019-12-23,1491
2019-12-24,1584
2019-12-25,1720
2019-12-26,1817
2019-12-27,1864
2019-12-28,1883
2019-12-29,1957
2019-12-30,2004
2019-12-31,2097
2020-01-01,2144
2020-01-02,569
2020-01-03,615
2020-01-04,634
2020-01-05,676
2020-01-06,727
2020-01-07,746
2020-01-08,788
2020-01-09,932
2020-01-10,983
2020-01-11,1118
2020-01-12,1165
2020-01-13,1216
2020-01-14,1258
2020-01-15,1398
2020-01-16,1491
2020-01-17,1584
2020-01-18,1720
2020-01-19,1817
2020-01-20,1864
2020-01-21,1883
2020-01-22,1957
2020-01-23,2004
2020-01-24,2097
2020-01-25,2144
2020-01-26,2176
2020-01-27,2190
2020-01-28,1817
2020-01-29,1771
2020-01-30,2097
2020-01-31,2050
2020-02-01,2004
2020-02-02,1631
2020-02-03,1911
2020-02-04,1864
2020-02-05,1118
2020-02-06,1165
2020-02-07,1216
2020-02-08,1258
2020-02-09,1398
2020-02-10,1491
2020-02-11,1584
2020-02-12,1720
2020-02-13,1817
2020-02-14,1864
2020-02-15,1883
2020-02-16,1957
2020-02-17,2004
2020-02-18,2097
2020-02-19,2144
2020-02-20,569
2020-02-21,615
2020-02-22,634
2020-02-23,676
2020-02-24,727
2020-02-25,746
2020-02-26,788
2020-02-27,932
2020-02-28,983
2020-02-29,1118
2020-03-01,1165
2020-03-02,1216
2020-03-03,1258
2020-03-04,1398
2020-03-05,1491
2020-03-06,1584
2020-03-07,1720
2020-03-08,1817
2020-03-09,1864
2020-03-10,1883
2020-03-11,1957
2020-03-12,2004
2020-03-13,2097
2020-03-14,2144
2020-03-15,2176
2020-03-16,2190
2020-03-17,1817
2020-03-18,1771
2020-03-19,2097
2020-03-20,2050
2020-03-21,2004
2020-03-22,1631
2020-03-23,1911
2020-03-24,1864
2020-03-25,1118
2020-03-26,1165
2020-03-27,1216
2020-03-28,1258
2020-03-29,1398
2020-03-30,1491
2020-03-31,1584
2020-04-01,1720
2020-04-02,1817
2020-04-03,1864
2020-04-04,1883
2020-04-05,1957
2020-04-06,2004
2020-04-07,2097
2020-04-08,2144
2020-04-09,569
2020-04-10,615
2020-04-11,634
2020-04-12,676
2020-04-13,727
2020-04-14,746
2020-04-15,788
2020-04-16,932
2020-04-17,983
2020-04-18,1118
2020-04-19,1165
2020-04-20,1216
2020-04-21,1258
2020-04-22,1398
2020-04-23,1491
2020-04-24,1584
2020-04-25,1720
2020-04-26,1817
2020-04-27,1864
2020-04-28,1883
2020-04-29,1957
2020-04-30,2004
2020-05-01,2097
2020-05-02,2144
2020-05-03,2176
2020-05-04,2190
2020-05-05,1817
2020-05-06,1771
2020-05-07,2097
2020-05-08,2050
2020-05-09,2004
2020-05-10,1631
2020-05-11,1911
2020-05-12,1864
2020-05-13,1118
2020-05-14,1165
2020-05-15,1216
2020-05-16,1258
2020-05-17,1398
2020-05-18,1491
2020-05-19,1584
2020-05-20,1720
2020-05-21,559
2020-05-22,569
2020-05-23,615
2020-05-24,634
2020-05-25,676
2020-05-26,727
2020-05-27,746
2020-05-28,788
2020-05-29,932
2020-05-30,983
2020-05-31,1118
2020-06-01,1165
2020-06-02,1216
2020-06-03,1258
2020-06-04,1398
2020-06-05,1491
2020-06-06,1584
2020-06-07,1720
2020-06-08,1817
2020-06-09,1864
2020-06-10,1883
2020-06-11,1957
2020-06-12,2004
2020-06-13,2097
2020-06-14,2144
2020-06-15,2176
2020-06-16,2190
2020-06-17,2283
2020-06-18,2330
2020-06-19,2377
2020-06-20,2423
2020-06-21,2470
2020-06-22,2428
2020-06-23,2330
2020-06-24,2283
2020-06-25,2237
2020-06-26,2190
2020-06-27,2097
2020-06-28,1957
2020-06-29,1911
2020-06-30,1864
2020-07-01,1911
2020-07-02,1934
2020-07-03,1813
2020-07-04,1864
2020-07-05,1808
2020-07-06,1953
2020-07-07,1901
2020-07-08,1864
2020-07-09,1817
2020-07-10,1771
2020-07-11,2097
2020-07-12,2050
2020-07-13,2004
2020-07-14,1631
2020-07-15,1911
2020-07-16,1864
2020-07-17,1118
2020-07-18,1165
2020-07-19,1216
2020-07-20,1258
2020-07-21,1398
2020-07-22,1491
2020-07-23,1584
2020-07-24,1720
2020-07-25,1817
2020-07-26,1864
2020-07-27,1883
2020-07-28,1957
2020-07-29,2004
2020-07-30,2097
2020-07-31,2144
2020-08-01,569
2020-08-02,615
2020-08-03,634
2020-08-04,676
2020-08-05,727
2020-08-06,746
2020-08-07,788
2020-08-08,932
2020-08-09,983
2020-08-10,1118
2020-08-11,1165
2020-08-12,1216
2020-08-13,1258
2020-08-14,1398
2020-08-15,1491
2020-08-16,1584
2020-08-17,1720
2020-08-18,1817
2020-08-19,1864
2020-08-20,1883
2020-08-21,1957
2020-08-22,2004
2020-08-23,2097
2020-08-24,2144
2020-08-25,2176
2020-08-26,2190
2020-08-27,1817
2020-08-28,1771
2020-08-29,2097
2020-08-30,2050
2020-08-31,2004
2020-09-01,1631
2020-09-02,1911
2020-09-03,1864
2020-09-04,1118
2020-09-05,1165
2020-09-06,1216
2020-09-07,1258
2020-09-08,1398
2020-09-09,1491
2020-09-10,1584
2020-09-11,1720
2020-09-12,1817
2020-09-13,1864
2020-09-14,1883
2020-09-15,1957
2020-09-16,2004
2020-09-17,2097
2020-09-18,2144
2020-09-19,569
2020-09-20,615
2020-09-21,634
2020-09-22,676
2020-09-23,727
2020-09-24,746
2020-09-25,788
2020-09-26,932
2020-09-27,983
2020-09-28,1118
2020-09-29,1165
2020-09-30,1216
2020-10-01,1258
2020-10-02,1398
2020-10-03,1491
2020-10-04,1584
2020-10-05,1720
2020-10-06,1817
2020-10-07,1864
2020-10-08,1883
2020-10-09,1957
2020-10-10,2004
2020-10-11,2097
2020-10-12,2144
2020-10-13,2176
2020-10-14,2190
2020-10-15,1817
2020-10-16,1771
2020-10-17,2097
2020-10-18,2050
2020-10-19,2004
2020-10-20,1631
2020-10-21,1911
2020-10-22,1864
2020-10-23,1118
2020-10-24,1165
2020-10-25,1216
2020-10-26,1258
2020-10-27,1398
2020-10-28,1491
2020-10-29,1584
2020-10-30,1720
2020-10-31,1817
2020-11-01,1864
2020-11-02,1883
2020-11-03,1957
2020-11-04,2004
2020-11-05,2097
2020-11-06,2144
2020-11-07,569
2020-11-08,615
2020-11-09,634
2020-11-10,676
2020-11-11,727
2020-11-12,746
2020-11-13,788
2020-11-14,932
2020-11-15,983
2020-11-16,1118
2020-11-17,1165
2020-11-18,1216
2020-11-19,1258
2020-11-20,1398
2020-11-21,1491
2020-11-22,1584
2020-11-23,1720
2020-11-24,1817
2020-11-25,1864
2020-11-26,1883
2020-11-27,1957
2020-11-28,2004
2020-11-29,2097
2020-11-30,2144
2020-12-01,2176
2020-12-02,2190
2020-12-03,1817
2020-12-04,1771
2020-12-05,2097
2020-12-06,2050
2020-12-07,2004
2020-12-08,1631
2020-12-09,1911
2020-12-10,1864
2020-12-11,1118
2020-12-12,1165
2020-12-13,1216
2020-12-14,1258
2020-12-15,1398
2020-12-16,1491
2020-12-17,1584
2020-12-18,1720
2020-12-19,592
2020-12-20,603
2020-12-21,652
2020-12-22,671
2020-12-23,715
2020-12-24,771
2020-12-25,790
2020-12-26,834
2020-12-27,988
2020-12-28,1042
2020-12-29,1186
2020-12-30,1235
2020-12-31,1288
2021-01-01,1333
2021-01-02,1482
2021-01-03,1580
2021-01-04,1680
2021-01-05,1822
2021-01-06,1927
2021-01-07,1976
2021-01-08,1994
2021-01-09,2074
2021-01-10,2125
2021-01-11,2223
2021-01-12,2272
2021-01-13,2307
2021-01-14,2321
2021-01-15,2421
2021-01-16,2470
2021-01-17,2519
2021-01-18,2568
2021-01-19,2619
2021-01-20,2575
2021-01-21,2470
2021-01-22,2421
2021-01-23,2372
2021-01-24,2321
2021-01-25,2223
2021-01-26,2074
2021-01-27,2025
2021-01-28,1976
2021-01-29,2025
2021-01-30,2050
2021-01-31,1922
2021-02-01,1976
2021-02-02,1918
2021-02-03,2069
2021-02-04,2015
2021-02-05,1976
2021-02-06,1927
2021-02-07,1878
2021-02-08,2223
2021-02-09,2174
2021-02-10,2125
2021-02-11,1729
2021-02-12,2025
2021-02-13,1976
2021-02-14,1186
2021-02-15,1235
2021-02-16,1288
2021-02-17,1333
2021-02-18,1482
2021-02-19,1580
2021-02-20,1680
2021-02-21,1822
2021-02-22,1927
2021-02-23,1976
2021-02-24,1994
2021-02-25,2074
2021-02-26,2125
2021-02-27,2223
2021-02-28,2272
2021-03-01,603
2021-03-02,652
2021-03-03,671
2021-03-04,715
2021-03-05,771
2021-03-06,790
2021-03-07,834
2021-03-08,988
2021-03-09,1042
2021-03-10,1186
2021-03-11,1235
2021-03-12,1288
2021-03-13,1333
2021-03-14,1482
2021-03-15,1580
2021-03-16,1680
2021-03-17,1822
2021-03-18,1927
2021-03-19,1976
2021-03-20,1994
2021-03-21,2074
2021-03-22,2125
2021-03-23,2223
2021-03-24,2272
2021-03-25,2307
2021-03-26,2321
2021-03-27,1927
2021-03-28,1878
2021-03-29,2223
2021-03-30,2174
2021-03-31,2125
2021-04-01,1729
2021-04-02,2025
2021-04-03,1976
2021-04-04,1186
2021-04-05,1235
2021-04-06,1288
2021-04-07,1333
2021-04-08,1482
2021-04-09,1580
2021-04-10,1680
2021-04-11,1822
2021-04-12,1927
2021-04-13,1976
2021-04-14,1994
2021-04-15,2074
2021-04-16,2125
2021-04-17,2223
2021-04-18,2272
2021-04-19,603
2021-04-20,652
2021-04-21,671
2021-04-22,715
2021-04-23,771
2021-04-24,790
2021-04-25,834
2021-04-26,988
2021-04-27,1042
2021-04-28,1186
2021-04-29,1235
2021-04-30,1288
2021-05-01,1333
2021-05-02,1482
2021-05-03,1580
2021-05-04,1680
2021-05-05,1822
2021-05-06,1927
2021-05-07,1976
2021-05-08,1994
2021-05-09,2074
2021-05-10,2125
2021-05-11,2223
2021-05-12,2272
2021-05-13,2307
2021-05-14,2321
2021-05-15,1927
2021-05-16,1878
2021-05-17,2223
2021-05-18,2174
2021-05-19,2125
2021-05-20,1729
2021-05-21,2025
2021-05-22,1976
2021-05-23,1186
2021-05-24,1235
2021-05-25,1288
2021-05-26,1333
2021-05-27,1482
2021-05-28,1580
2021-05-29,1680
2021-05-30,1822
2021-05-31,1927
2021-06-01,1976
2021-06-02,1994
2021-06-03,2074
2021-06-04,2125
2021-06-05,2223
2021-06-06,2272
2021-06-07,603
2021-06-08,652
2021-06-09,671
2021-06-10,715
2021-06-11,771
2021-06-12,790
2021-06-13,834
2021-06-14,988
2021-06-15,1042
2021-06-16,1186
2021-06-17,1235
2021-06-18,1288
2021-06-19,1333
2021-06-20,1482
2021-06-21,1580
2021-06-22,1680
2021-06-23,1822
2021-06-24,1927
2021-06-25,1976
2021-06-26,1994
2021-06-27,2074
2021-06-28,2125
2021-06-29,2223
2021-06-30,2272
2021-07-01,2307
2021-07-02,2321
2021-07-03,1927
2021-07-04,1878
2021-07-05,2223
2021-07-06,2174
2021-07-07,2125
2021-07-08,1729
2021-07-09,2025
2021-07-10,1976
2021-07-11,1186
2021-07-12,1235
2021-07-13,1288
2021-07-14,1333
2021-07-15,1482
2021-07-16,1580
2021-07-17,1680
2021-07-18,1822
2021-07-19,592
2021-07-20,603
2021-07-21,652
2021-07-22,671
2021-07-23,715
2021-07-24,771
2021-07-25,790
2021-07-26,834
2021-07-27,988
2021-07-28,1042
2021-07-29,1186
2021-07-30,1235
2021-07-31,1288
2021-08-01,1333
2021-08-02,1482
2021-08-03,1580
2021-08-04,1680
2021-08-05,1822
2021-08-06,1927
2021-08-07,1976
2021-08-08,1994
2021-08-09,2074
2021-08-10,2125
2021-08-11,2223
2021-08-12,2272
2021-08-13,2307
2021-08-14,2321
2021-08-15,2421
2021-08-16,2470
2021-08-17,2519
2021-08-18,2568
2021-08-19,2619
2021-08-20,2575
2021-08-21,2470
2021-08-22,2421
2021-08-23,2372
2021-08-24,2321
2021-08-25,2223
2021-08-26,2074
2021-08-27,2025
2021-08-28,1976
2021-08-29,2025
2021-08-30,2050
2021-08-31,1922
2021-09-01,1976
2021-09-02,1918
2021-09-03,2069
2021-09-04,2015
2021-09-05,1976
2021-09-06,1927
2021-09-07,1878
2021-09-08,2223
2021-09-09,2174
2021-09-10,2125
2021-09-11,1729
2021-09-12,2025
2021-09-13,1976
2021-09-14,1186
2021-09-15,1235
2021-09-16,1288
2021-09-17,1333
2021-09-18,1482
2021-09-19,1580
2021-09-20,1680
2021-09-21,1822
2021-09-22,1927
2021-09-23,1976
2021-09-24,1994
2021-09-25,2074
2021-09-26,2125
2021-09-27,2223
2021-09-28,2272
2021-09-29,1918
2021-09-30,2069
2021-10-01,2015
2021-10-02,1976
2021-10-03,1927
2021-10-04,1878
2021-10-05,2223
2021-10-06,2174
2021-10-07,2125
2021-10-08,1729
2021-10-09,2025
2021-10-10,1976
2021-10-11,1186
2021-10-12,1235
2021-10-13,1288
2021-10-14,1333
2021-10-15,1482
2021-10-16,1580
2021-10-17,1680
2021-10-18,1822
2021-10-19,1927
2021-10-20,1976
2021-10-21,1994
2021-10-22,2074
2021-10-23,2125
2021-10-24,2223
2021-10-25,2272
2021-10-26,1878
2021-10-27,2223
2021-10-28,2174
2021-10-29,2125
2021-10-30,1729
2021-10-31,2025
2021-11-01,1976
2021-11-02,1186
2021-11-03,1235
2021-11-04,1288
2021-11-05,1333
2021-11-06,1482
2021-11-07,1580
2021-11-08,1680
2021-11-09,1822
2021-11-10,1927
2021-11-11,1976
2021-11-12,1994
2021-11-13,2074
2021-11-14,2125
2021-11-15,2223
2021-11-16,2272
2021-11-17,2223
2021-11-18,2174
2021-11-19,2125
2021-11-20,1729
2021-11-21,2025
2021-11-22,1976
2021-11-23,1186
2021-11-24,1235
2021-11-25,1288
2021-11-26,1333
2021-11-27,1482
2021-11-28,1580
2021-11-29,1680
2021-11-30,1822
2021-12-01,1927
2021-12-02,1976
2021-12-03,1994
2021-12-04,2074
2021-12-05,2125
2021-12-06,2223
2021-12-07,2272
2021-12-08,2125
2021-12-09,2223
2021-12-10,2272
2021-12-11,2307
2021-12-12,2321
2021-12-13,1927
2021-12-14,1878
2021-12-15,2223
2021-12-16,2174
2021-12-17,2125
2021-12-18,1729
2021-12-19,2025
2021-12-20,1976
2021-12-21,1186
2021-12-22,1235
2021-12-23,1288
2021-12-24,1333
2021-12-25,1482
2021-12-26,1580
2021-12-27,1680
2021-12-28,1822
2021-12-29,1927
2021-12-30,1976
2021-12-31,1994
2022-01-01,2074
2022-01-02,2125
2022-01-03,2223
2022-01-04,2272
2022-01-05,2223
2022-01-06,2174
2022-01-07,2125
2022-01-08,1729
2022-01-09,2025
2022-01-10,1976
2022-01-11,1186
2022-01-12,1235
2022-01-13,1288
2022-01-14,1333
2022-01-15,1482
2022-01-16,1580
2022-01-17,1680
2022-01-18,1822
2022-01-19,1927
2022-01-20,1976
2022-01-21,1994
2022-01-22,2074
2022-01-23,2125
2022-01-24,2223
2022-01-25,2272
2022-01-26,2125
2022-01-27,2223
2022-01-28,2272
2022-01-29,2307
2022-01-30,2321
2022-01-31,1927
2022-02-01,2348
2022-02-02,2779
2022-02-03,2718
2022-02-04,2656
2022-02-05,2161
2022-02-06,2531
2022-02-07,2470
2022-02-08,1483
2022-02-09,1544
2022-02-10,1610
2022-02-11,1666
2022-02-12,1853
2022-02-13,1975
2022-02-14,2100
2022-02-15,2278
2022-02-16,1853
2022-02-17,1975
2022-02-18,2100
2022-02-19,2278
2022-02-20,2409
2022-02-21,2470
2022-02-22,2493
2022-02-23,2593
2022-02-24,2656
2022-02-25,2779
2022-02-26,2840
2022-02-27,2884
2022-02-28,2901
